StoryID	Title	Summary	Director	Writer	OriginalAirDate	SeriesID	Season	Episode	ObjectCharacters	MainCharacters	SupportingCast
tos0x01	The Cage	The Enterprise follows a distress signal to the planet Talos IV, where Captain Pike is taken captive by a group of telepathic aliens.	Robert Butler	Gene Roddenberry	1988-10-04	tos	0	1		Christopher Pike, Vina, The Keeper	Philip Boyce, Number One, J.M. Colt, Spock, Jose Tyler
tos1x01	Where No Man Has Gone Before	After the Enterprise attempts to cross the Great Barrier at the edge of the galaxy, crew members Gary Mitchell and Elizabeth Dehner develop godlike psychic powers which threaten the safety of the crew.	James Goldstone	Samuel A. Peeples	1966-09-22	tos	1	1		James T. Kirk, Gary Mitchell, Elizabeth Dehner	Spock, Mark Piper, Kelso
tos1x02	The Corbomite Maneuver	The Enterprise is menaced by a gigantic alien ship whose commander condemns the crew to death. The alien ship appears all-powerful and the alien commander refuses all attempts at negotiation, forcing Kirk to employ an unorthodox strategy to save the ship.	Joseph Sargent	Jerry Sohl	1966-11-10	tos	1	2		James T. Kirk, Balok, Dave Bailey	Spock, Leonard McCoy, Hikaru Sulu, Montgomery Scott
tos1x03	Mudd's Women	Misadventure ensues after the Enterprise crew pursue and capture interstellar con artist Harry Mudd and his cargo of three beautiful mail-order brides.	Harvey Hart	Gene Roddenberry	1966-10-13	tos	1	3		James T. Kirk, Harry Mudd, Eve McHuron	Spock, Leonard McCoy, Magda Kovacs, Ruth Bonadventure, Ben Childress
tos1x04	The Enemy Within	While beaming up from planet Alpha 177, a transporter accident splits Captain Kirk into two beings: one good, who is weak and indecisive, and one evil, who is overly aggressive and domineering.	Leo Penn	Richard Matheson	1966-10-06	tos	1	4	Good Kirk	Evil Kirk, Janice Rand	Spock, Leonard McCoy, Hikaru Sulu
tos1x05	The Man Trap	The Enterprise visits planet M-113 for a routine medical inspection of the husband-wife archaeological team stationed there, but the crew finds that the wife has been replaced by a deadly, shape-shifting creature.	Marc Daniels	George Clayton Johnson	1966-09-08	tos	1	5	Leonard McCoy	James T. Kirk, Robert Crater, Nancy Crater	Spock
tos1x06	The Naked Time	A strange, intoxicating infection, which lowers the crew's emotional inhibitions, spreads throughout the Enterprise, endangering the entire ship.	Marc Daniels	John D. F. Black	1966-09-29	tos	1	6		James T. Kirk, Kevin Riley	Spock, Leonard McCoy, Montgomery Scott, Hikaru Sulu, Joe Tormalen, Janice Rand, Montgomery Scott
tos1x07	Charlie X	Traveling aboard the Enterprise, a dangerous young man named Charlie Evans terrorizes the crew with his unusual mental powers.	Lawrence Dobkin	Gene Roddenberry	1966-09-15	tos	1	7		James T. Kirk, Charlie Evans, Janice	Spock, Leonard McCoy
tos1x08	Balance of Terror	Investigating a series of destroyed outposts along the Neutral Zone, the Enterprise discovers a lone Romulan vessel with a cloaking device. The Romulans, having never been seen by humans, are revealed to visually resemble Vulcans, casting doubt on Mr. Spock's loyalty as the two ships become locked in a cat-and-mouse battle through space.	Vincent McEveety	Paul Schneider	1966-12-15	tos	1	8		James T. Kirk, unnamed Romulan commander of TOS1x08	Andrew Stiles, Robert Tomlinson, Angela Martine, Spock, Leonard McCoy, Decius
tos1x09	What Are Little Girls Made Of?	In search of Nurse Chapel's fiancé, renowned exobiologist Roger Korby, the Enterprise visits the ice planet Exo III, where Korby is found living deep underground with a group of highly advanced androids.	James Goldstone	Robert Bloch	1966-10-20	tos	1	9		Christine Chapel, James T. Kirk, Roger Korby, Andrea, Ruk	Brown, Spock
tos1x10	Dagger of the Mind	On a re-supply mission to a rehabilitation colony for the criminally insane, an escaped patient gives the Enterprise crew reason to suspect that the chief doctor has been using a device which destroys the human mind. Kirk and a female crew member beam down to the colony to resolve the mystery.	Vincent McEveety	S. Bar-David	1966-11-03	tos	1	10		Simon van Gelder, James T. Kirk, Helen Noel, Tristan Adams	Spock, Leonard McCoy
tos1x11	Miri	After discovering a duplicate of the planet Earth, Kirk and his landing party beam down to find signs of a population ravaged by a strange disease, from which only children appear to have survived.	Vincent McEveety	Adrian Spies	1966-10-27	tos	1	11		James T. Kirk, Miri	Leonard McCoy, Spock, Janice, Jahn
tos1x12	The Conscience of the King	Visiting an old friend, Kirk suspects a Shakespearean actor may actually be the murderous former governor of Tarsus IV where Kirk grew up. Kirk invites the acting troupe aboard the Enterprise in order to investigate, but soon assassination attempts are made on Kirk and another crewman who was an eyewitness to the murders.	Gerd Oswald	Barry Trivers	1966-12-08	tos	1	12	Kodos the Executioner	James T. Kirk, Lenore Karidian	Thomas Leighton, Riley, Spock, Leonard McCoy
tos1x13	The Galileo Seven	Spock and a scientific party are sent to study the Murasaki 312 quasar aboard the shuttle Galileo. During the survey, the Galileo is forced to make an emergency landing on the planet Taurus II, where the crew fight the planet's primitive ape-like inhabitants. As the crew begin to make repairs, Scotty determines that the shuttle does not have enough fuel to reach orbit carrying all seven passengers, and Spock must contemplate leaving some of his fellow crew behind.	Robert Gist	Oliver Crawford	1967-01-05	tos	1	13	Spock	James T. Kirk, Ferris	Montgomery Scott, Leonard McCoy, Latimer, Gaetano, Boma, Mears
tos1x14	Court Martial	Kirk is placed on trial for negligence after a crewman is killed during a severe ion storm. Kirk maintains that his actions were proper and should not have led to the officer's death, but the evidence seems strong against him.	Marc Daniels	Don M. Mankiewicz	1967-02-02	tos	1	14	James T. Kirk	Spock, Benjamin Finney	Areel Shaw, Jame Finney, Samuel T. Cogley, Stone
tos1x15	The Menagerie, Part I	Spock hijacks the Enterprise to take his crippled former captain, Christopher Pike, to the forbidden world of Talos IV. He then demands a court martial where he uses the events of episode tos0x10:"The Cage" to tell the tale of Pike's captivity on the planet years earlier.	Marc Daniels	Gene Roddenberry	1966-11-17	tos	1	15	Spock, Christopher Pike	James T. Kirk	Leonard McCoy, Jose I. Mendez
tos1x16	The Menagerie, Part II	Spock continues detailing the events of episode tos0x01:"The Cage" to the tribunal. After witnessing the Talosians' capabilities of mental illusion, Kirk realizes that Spock intends to return Pike to the planet to live a life of illusion, unencumbered by his crippled condition.	Robert Butler	Gene Roddenberry	1966-11-24	tos	1	16	Christopher Pike	Spock, James T. Kirk	Jose I. Mendez, Vina, The Keeper
tos1x17	Shore Leave	Kirk orders shore leave for the Enterprise crew on a seemingly uninhabited planet. The landing parties begin to see strange sights, such as a White Rabbit a la Alice in Wonderland, Don Juan, and a sword-wielding samurai. Spock discovers that the planet seems to be drawing a large amount of energy from the ship's engines, placing the Enterprise in danger.	Robert Sparr	Theodore Sturgeon	1966-12-29	tos	1	17		James T. Kirk, Leonard McCoy, Hikaru Sulu, Tonia Barrows	Spock, Finnegan, Ruth, Rodriguez, Angela Martine, Shore Leave Planet caretaker
tos1x18	The Squire of Gothos	The Enterprise crew discovers a rogue planet drifting through space, inhabited by an eccentric being named Trelane who uses his apparently unlimited power over matter and form to manipulate the crew.	Don McDougall	Paul Schneider	1967-01-12	tos	1	18	James T. Kirk	Trelane	Leonard McCoy, Spock, Hikaru Sulu, Montgomery Scott, Teresa Ross, Karl Jaeger, Vincent DeSalle
tos1x19	Arena	The Enterprise comes under attack by unknown aliens while investigating the destruction of the Cestus III colony. While pursuing the aliens into unexplored space, both ships are captured by the powerful Metrons, who force Kirk and the reptilian, alien captain to a fight to the death: the winner's vessel will be set free, while the loser's ship will be destroyed.	Joseph Pevney	Fredric Brown	1967-01-19	tos	1	19	James T. Kirk	Gorn captain	Spock, Leonard McCoy, Harold, the Metron
tos1x20	The Alternative Factor	The Enterprise traces the source of a galaxy-wide disturbance in space to an apparently dead planet, where the crew is greeted a raving lunatic who claims there is still time to stop the murdering monster that destroyed his entire civilization.	Gerd Oswald	Don Ingalls	1967-03-30	tos	1	20	Lazarus-A	James T. Kirk, Lazarus-B	Spock, Leonard McCoy, Charlene Masters
tos1x21	Tomorrow is Yesterday	After accidentally traveling back in time to 1969, the Enterprise rescues USAF Captain John Christopher from his crippled fighter jet. The crew struggles to return to their own time, while simultaneously returning Christopher to the Air Force, removing his knowledge of the future and all record of contact with the Enterprise	Michael O'Herlihy	D. C. Fontana	1967-01-26	tos	1	21		James T. Kirk, John Christopher	Spock, Leonard McCoy, Hikaru Sulu, Fellini
tos1x22	The Return of the Archons	The Enterprise discovers a planetary population mind-controlled into acting as a harmonious collective by the powerful philosopher, Landru. While investigating, Kirk and his landing party are taken captive and discover that the Enterprise crew will be the next to be "absorbed" into Landru's control.	Joseph Pevney	Gene Roddenberry	1967-02-09	tos	1	22		James T. Kirk, Spock, Landru, Leonard McCoy, Reger	Hikaru Sulu, Marplon, Montgomery Scott
tos1x23	A Taste of Armageddon	On a diplomatic mission, the Enterprise visits a civilization mired in a war with its planetary neighbor that is fought entirely by computer simulation. Even so, citizens who are listed as virtual casualties willingly report to termination booths to be killed for real. After the Enterprise is destroyed in an attack simulation, Kirk must fight to keep his crew from death.	Joseph Pevney	Robert Hammer	1967-02-23	tos	1	23		James T. Kirk, Anan 7, Robert Fox, Spock	Leonard McCoy, Montgomery Scott, Tamura, Mea 3
tos1x24	Space Seed	The Enterprise discovers an ancient sleeper-ship, which escaped from Earth's Eugenics Wars in the late 20th century. The genetically engineered passengers, led by war criminal Khan Noonien Singh, seize control of the Enterprise and attempt to destroy the ship.	Marc Daniels	Carey Wilber	1967-02-16	tos	1	24	Khan Noonien Singh	James T. Kirk, Spock, Leonard McCoy, Marla McGivers	Montgomery Scott, Uhura
tos1x25	This Side of Paradise	The Enterprise crew finds a Federation colony's population to be healthy and apparently thriving in spite of endemic exposure to fatal Berthold rays. An old flame of Spock, leads the crewmen to some flowers that seem to impose a state of pure bliss on anyone exposed to their spores, but at the cost of ambition and self-discipline. Kirk, whose will power keeps him immune from the spores' effects, must fight as the crew succumb to the spores one by one.	Ralph Senensky	Nathan Butler, D. C. Fontana	1967-03-02	tos	1	25		James T. Kirk, Spock, Leila Kalomi	Leonard McCoy, Hikaru Sulu, Vincent DeSalle, Elias Sandoval
tos1x26	The Devil in the Dark	Dispatched to the mining colony on Janus VI, the Enterprise is tasked to investigate rumors of a subterranean creature responsible for destruction of equipment and the deaths of fifty miners. Kirk and Spock discover a silicon-based life form, which lives in the surrounding rock	Joseph Pevney	Gene L. Coon	1967-03-09	tos	1	26	mother Horta	James T. Kirk, Spock, Vanderberg	Montgomery Scott, Leonard McCoy, Giotto, Ed Appel, Schmitter
tos1x27	Errand of Mercy	After peace negotiations between the Federation and the Klingon Empire collapse, the Enterprise is ordered to protect Organia, a peaceful planet located near the Klingon border. But upon beaming down to the planet, Kirk and Spock are baffled that the inhabitants reject their offers of help.	John Newland	Gene L. Coon	1967-03-23	tos	1	27		James T. Kirk, Spock, Kor, Ayelborne	Hikaru Sulu
tos1x28	The City on the Edge of Forever	After accidentally overdosing on a powerful stimulant, McCoy becomes unbalanced and disappears through a newly discovered time portal on an unexplored planet, where he somehow changes the course of history. Kirk and Spock follow him back to the 1930s in order to restore the timeline.	Joseph Pevney	Harlan Ellison	1967-04-06	tos	1	28		James T. Kirk, Spock, Leonard McCoy, Edith Keeler	Montgomery Scott, Uhura
tos1x29	Operation -- Annihilate!	The Enterprise arrives at Deveva colony to find its inhabitants are under attack by neural parasites that cause mass insanity. After Spock himself becomes infected, McCoy and Kirk must race to find a cure in time to save Spock and the Denevan colonists.	Herschel Daugherty	Steven W. Carabatsos	1967-04-13	tos	1	29	James T. Kirk, Spock, Leonard McCoy	James T. Kirk, Spock, Leonard McCoy	Aurelan Kirk, Peter Kirk, George Samuel Kirk
tos2x01	Catspaw	In search of missing crewmen on Pyris VII, Kirk and his landing party beam down to find a spooky castle with witches, shackled skeletons, and even a black cat. While investigating they are taken prisoner by two powerful aliens, who threaten the well-being of the Enterprise and her crew with their magical powers.	Joseph Pevney	Robert Bloch	1967-10-27	tos	2	1	Korob, Sylvia	James T. Kirk, Spock, Leonard McCoy	Hikaru Sulu, Montgomery Scott, DeSalle, Chekov, Uhura
tos2x02	Metamorphosis	After crash landing on a remote asteroid, a shuttle crew from the Enterprise are astonished to find a castaway, who appears to be Zefram Cochrane – the inventor of warp drive – and his mysterious alien companion.	Ralph Senensky	Gene L. Coon	1967-11-10	tos	2	2	Zefram Cochrane	James T. Kirk, Spock, Leonard McCoy,  Nancy Hedford, Companion	Montgomery Scott
tos2x03	Friday's Child	On a mission to secure a mining agreement on Capella IV, the Enterprise crew find that the Klingons have beat them to the punch, and become entangled in a tribal power struggle.	Joseph Pevney	D. C. Fontana	1967-12-01	tos	2	3	Leonard McCoy	James T. Kirk, Spock, Kras, Maab, Eleen	Montgomery Scott, Chekov, Uhura, Hikaru Sulu, Akaar, Leonard James Akaar
tos2x04	Who Mourns for Adonais?	While approaching Pollux IV, the Enterprise is grabbed by an etherial green hand and the crew taken captive by an alien who claims to be the Greek god Apollo.	Marc Daniels	Gilbert Ralston	1967-09-22	tos	2	4	Carolyn Palamas, Apollo	James T. Kirk, Montgomery Scott	Spock, Hikaru Sulu, Uhura, Kyle, Leonard McCoy, Chekov
tos2x05	Amok Time	When Spock begins behaving aggressively, Kirk discovers his first officer must return home to Vulcan to be married, or die. Kirk disobeys his orders to save Spock, only to find the unbalanced Vulcan at his throat when the bride forces Spock into a duel – and chooses the captain as her champion.	Joseph Pevney	Theodore Sturgeon	1967-09-15	tos	2	5	Spock	James T. Kirk	Christine Chapel, T'Pring, T'Pau, Chekov
tos2x06	The Doomsday Machine	After losing his entire crew to an alien planet-eating machine, Commodore Matthew Decker pulls rank on Kirk in order to play a game of cat and mouse with the mechanical adversary. His efforts to destroy the menace place the Enterprise in grave danger.	Marc Daniels	Norman Spinrad	1967-10-20	tos	2	6	Matt Decker	James T. Kirk, Spock	Leonard McCoy, Montgomery Scott
tos2x07	Wolf in the Fold	Scotty is implicated in the serial killing of several women while on shore leave on Argelius II. The chief city administrator is keen to pin the crimes on Scotty, and the stakes are high, because the penalty for murder is death by slow torture. The crew must identify the real killer in order to save their chief engineer.	Joseph Pevney	Robert Bloch	1967-12-22	tos	2	7	Montgomery Scott	James T. Kirk, Leonard McCoy, Hengist, Jaris	Spock, Sybo, Morla, Tark, Kara
tos2x08	The Changeling	The Enterprise crew deals with a visit from Nomad, a space probe launched in the early 2000s that somehow became a sentient machine on a mission to seek out and destroy lifeforms that do not meet its standard of perfection.	Marc Daniels	John Meredyth Lucas	1967-09-29	tos	2	8		James T. Kirk, Nomad	Uhura, Spock, Leonard McCoy, Montgomery Scott
tos2x09	The Apple	On a mission to investigate the source of strange sensor readings emanating from the planet Gamma Trianguli VI, the Enterprise crew stumbles upon a veritable Garden of Eden, whose primitive inhabitants worship a environmental control machine, called Vaal, as a god.	Joseph Pevney	Max Ehrlich	1967-10-13	tos	2	9		James T. Kirk, Spock, Leonard McCoy, Akuta	Chekov, Martha Landon, Montgomery Scott, Makora, Sayana
tos2x10	Mirror, Mirror	A transporter mishap sends Kirk and the landing party to a mirror universe, where the Enterprise serves a barbaric Empire instead of the Federation.	Marc Daniels	Jerome Bixby	1967-10-06	tos	2	10		James T. Kirk, Spock, Montgomery Scott, Leonard McCoy, Uhura, Kirk (mirror), Spock (mirror)	Sulu (mirror), Chekov (mirror), Marlena Moreau (mirror)
tos2x11	The Deadly Years	Strange radiation exposes the command crew of the Enterprise to the effects of rapid aging. McCoy must find a cure before they succumb to the effects of old age.	Joseph Pevney	David P. Harmon	1967-12-08	tos	2	11		James T. Kirk, Leonard McCoy, Spock, Janet Wallace, George Stocker	Robert Johnson, Elaine Johnson, Arlene Galway, Chekov
tos2x12	I, Mudd	The Enterprise crew have a second run in with the con man, Harry Mudd, this time finding him as the ruler of a planet of androids.	Marc Daniels	Stephen Kandel	1967-11-03	tos	2	12	Harry Mudd	James T. Kirk, Spock, Leonard McCoy,  Norman	Uhura, Montgomery Scott, Chekov, Stella Mudd
tos2x13	The Trouble with Tribbles	Tribbles - a bisexual species of adorable little fur-balls with an astonishing ability to multiply - disrupt the exploitation of a disputed planet between the Klingons and Federation.	Joseph Pevney	David Gerrold	1967-12-29	tos	2	13		James T. Kirk, Spock, Nilz Baris	Chekov, Leonard McCoy, Montgomery Scott, Lurry, Arne Darvin, Cyrano Jones, Koloth, Korax
tos2x14	Bread and Circuses	Kirk and his landing party are forced to fight in gladiatorial games on a planet modeled after the Roman Empire.	Ralph Senensky	Gene Roddenberry, Gene L. Coon	1968-03-15	tos	2	14		James T. Kirk, Spock, Leonard McCoy, R. M. Merik, Claudius Marcus	Montgomery Scott, Septimus, Flavius
tos2x15	Journey to Babel	While transporting dignitaries to an important peace conference on a planetoid code-named Babel, the Enterprise is pursued by a mysterious vessel and one of the alien diplomats is assassinated. Spock's estranged father Sarek is the prime suspect in the murder, but he is incapacitated after suffering a massive heart attack, and only spoke can save him.	Joseph Pevney	D. C. Fontana	1967-11-17	tos	2	15	Spock	James T. Kirk, Sarek	Leonard McCoy, Thelev, Amanda Grayson, Gav
tos2x16	A Private Little War	Kirk must decide how to save a primitive race of hill-people from the technological interference of the Klingons.	Marc Daniels	Jud Crucis	1968-02-02	tos	2	16		James T. Kirk, Leonard McCoy, Tyree, Nona	Spock, Krell, Christine Chapel, Dr. M'Benga
tos2x17	The Gamesters of Triskelion	Kirk, Chekhov and Uhura are abducted by a trio of disembodied brains and forced to fight in gladiatorial contests to satiate the aliens' gambling addiction.	Gene Nelson	Margaret Armen	1968-01-05	tos	2	17	James T. Kirk, Shahna	Uhura, Chekov, Galt, Provider 1, Provider 2, Provider 3	Spock, Montgomery Scott, Leonard McCoy, Lars, Tamoon, Kloog, Jana Haines
tos2x18	Obsession	Kirk becomes obsessed with destroying a murderous entity that killed many of the crew of his old ship.	Ralph Senensky	Art Wallace	1967-12-15	tos	2	18	James T. Kirk	Spock, Leonard McCoy, Garrovick (Ensign)	Chekov, Garrovick (Captain)
tos2x19	The Immunity Syndrome	Approaching Starbase 6 for a much needed period of rest and recreation, the Enterprise is ordered to divert to the Gamma 7A star system where the crew discover that a giant space amoeba has consumed its thriving civilization, killing billions of inhabitants. Kirk endeavors to destroy the organism before it can strike again.	Joseph Pevney	Robert Sabaroff	1968-01-19	tos	2	19		James T. Kirk, Spock, Leonard McCoy	Montgomery Scott
tos2x20	A Piece of the Action	On a mission to investigate a possible case of cultural contamination on Sigma Iota II, the Enterprise crew beam down to find a planet with a violent culture based on the American 1920s gangster era.	James Komack	David P. Harmon	1968-01-12	tos	2	20		James T. Kirk, Spock, Leonard McCoy, Bela Okmyx	Montgomery Scott, Jojo Krako
tos2x21	By Any Other Name	Beings from the Andromeda Galaxy hijack the Enterprise, technically modify it, transform all but the command crew into small cuboctahedral solids, and attempt to return home.	Marc Daniels	Jerome Bixby	1968-02-23	tos	2	21	Rojan, Kelinda	James T. Kirk, Spock, Leonard McCoy	Montgomery Scott, Shea, Yeoman Thompson, Drea, Hanar, Tomar
tos2x22	Return to Tomorrow	Three disembodied survivors of a once powerful civilization that was obliterated in some sort of ultimate cataclysm half a million years ago take control of Kirk and Spock's under the pretext of desiring to build android bodies for themselves.	Ralph Senensky	John Kingsbridge	1968-02-09	tos	2	22	Sargon	James T. Kirk, Spock, Leonard McCoy,  Thalassa, Henoch	Mulhall, Montgomery Scott, Christine Chapel
tos2x23	Patterns of Force	The Enterprise crew visit a planet dominated by a Nazi culture and at war with its planetary neighbor.	Vincent McEveety	John Meredyth Lucas	1968-02-16	tos	2	23		James T. Kirk, Spock, Daras, Isak	Leonard McCoy, John Gill, Melakon
tos2x24	The Ultimate Computer	Kirk and a skeleton crew test a new computer system that could potentially replace them all at their jobs.	John Meredyth Lucas	Laurence N. Wolfe	1968-03-08	tos	2	24	Richard Daystrom	James T. Kirk, M-5 multitronic unit	Leonard McCoy, Spock, Montgomery Scott, Bob Wesley
tos2x25	The Omega Glory	After chancing on a derelict starship in orbit around Omega IV, the Enterprise crew beams down to find the derelict's crew dead and its captain, Ron Tracy, violating the prime directive by assisting the Kohms in a war against their enemy the Yangs.	Vincent McEveety	Gene Roddenberry	1968-03-01	tos	2	25	Ron Tracy	James T. Kirk, Cloud William	Leonard McCoy, Spock, Wu
tos2x26	Assignment: Earth	On a historical research mission to 1968, the Enterprise crew encounters Gary Seven, a human from the future who appears to be attempting to alter history.	Marc Daniels	Gene Roddenberry, Art Wallace	1968-03-29	tos	2	26	Gary Seven	James T. Kirk, Spock	Montgomery Scott, Roberta Lincoln
tos3x01	Spectre of the Gun	For trespassing on an alien world, Kirk and his landing party are forced to re-enact the famous shoot-out at the O.K. Corral with themselves cast as the losing side.	Vincent McEveety	Lee Cronin	1968-10-25	tos	3	1		James T. Kirk, Spock, Leonard McCoy, Montgomery Scott, Chekov, Morgan Earp	Sylvia, Wyatt Earp, Doc Holliday
tos3x02	Elaan of Troyius	The Enterprise crew transport a spoiled princess, who must bring peace to a star system at war.	John Meredyth Lucas	John Meredyth Lucas	1968-12-20	tos	3	2		James T. Kirk, Elaan of Troyius	Petri, Kryton
tos3x03	The Paradise Syndrome	A mysterious alien device on a planet with a predominantly American Indian culture erases Kirk's memory, and he begins a life with them as a member of their tribe.	Jud Taylor	Margaret Armen	1968-10-04	tos	3	3		James T. Kirk, Spock, Leonard McCoy, Miramanee	Salish, Montgomery Scott, medicine man
tos3x04	The Enterprise Incident	Due to an apparent lapse of rationality brought on by the strain of command, Kirk orders the Enterprise to cross the Neutral Zone, after which the ship is immediately captured by Romulan forces. When Kirk is held in the Romulan flagship on the charge of espionage, his true mission to steal a cloaking device is revealed.	John Meredyth Lucas	D. C. Fontana	1968-09-27	tos	3	4		James T. Kirk, Spock, unnamed Romulan commander of TOS3x04	Tal, Montgomery Scott
tos3x05	And the Children Shall Lead	The Enterprise crew rescue a group of children stranded on a Federations outpost, who summarily take control of the ship at the insistence of their evil imaginary friend.	Marvin Chomsky	Edward J. Lakso	1968-10-11	tos	3	5		James T. Kirk, Spock, Tommy Starnes, Gorgon	Leonard McCoy, Mary, Steve, Don
tos3x06	Spock's Brain	The Enterprise crew pursues aliens who have stolen Spock's brain.	Marc Daniels	Lee Cronin	1968-09-20	tos	3	6	Spock	Krik, Leonard McCoy, Montgomery Scott, Eymorg leader	Chekov
tos3x07	Is There in Truth No Beauty?	The Enterprise crew transport an alien ambassador who must travel inside a special case because he is so ugly that one look at him is enough to drive a man insane.	Ralph Senensky	Jean Lisette Aroeste	1968-10-18	tos	3	7	Miranda Jones	James T. Kirk, Spock, Larry Marvick, Kollos	Montgomery Scott
tos3x08	The Empath	While visiting a doomed planet, Kirk and his landing party is subject to torturous experiments to test an empathic race.	John Erman	Joyce Muskat	1968-12-06	tos	3	8	Gem	James T. Kirk, Spock, Leonard McCoy, Thann, Lal (Vian)	Montgomery Scott
tos3x09	The Tholian Web	On a mission to rescue the USS Defiant, Kirk is caught in interspace while the Enterprise is trapped by an energy draining web spun by hostile aliens, called the Tholians.	Herb Wallerstein	Judy Burns, Chet Richards	1968-11-15	tos	3	9	James T. Kirk	Spock, Leonard McCoy	Montgomery Scott, Chekov, Commander Loskene, Uhura
tos3x10	For the World is Hollow and I Have Touched the Sky	The Enterprise crew must rush to stop an asteroid from colliding with Daran V, only to discover it is a generational world-ship with an entire civilization who believe they are actually living on a real planet.	Tony Leader	Rik Vollaerts	1968-11-08	tos	3	10	Leonard McCoy	James T. Kirk, Spock, Natira	Christine Chapel, Fabrini old man
tos3x11	Day of the Dove	An incorporeal alien that feeds on negative emotions drives the crew of the Enterprise into brutal conflict with the Klingons.	Marvin Chomsky	Jerome Bixby	1968-11-01	tos	3	11	James T. Kirk, Spock, Kang, Montgomery Scott	James T. Kirk, Spock, Kang, Montgomery Scott	Mara, Chekov, Leonard McCoy
tos3x12	Plato's Stepchildren	The Enterprise crew encounters an ageless and mischievous race of psychic humanoids who claim to have organized their society around Ancient Greek ideals.	David Alexander	Meyer Dolinsky	1968-11-22	tos	3	12	Alexander	James T. Kirk, Leonard McCoy, Spock, Parmen	Uhura, Christine Chapel, Philana
tos3x13	Wink of an Eye	Sterile aliens, who are invisible due to being "hyperaccelerated" in time, take over the Enterprise and attempt to abduct the crew for use as breeding stock.	Jud Taylor	Lee Cronin	1968-11-29	tos	3	13		James T. Kirk, Spock, Deela	Leonard McCoy, Montgomery Scott, Rael
tos3x14	That Which Survives	Kirk and his landing party are stranded on an artificial planet, guarded by a computer generated image of a beautiful woman, who is intent on killing them.	Herb Wallerstein	Michael Richards	1969-01-24	tos	3	14		James T. Kirk, Spock, Losira (hologram)	Leonard McCoy, Hikaru Sulu, D'Amato, Montgomery Scott
tos3x15	Let That Be Your Last Battlefield	The Enterprise crew picks up the last two survivors of a war-torn planet who are still committed to destroying each other aboard the ship. It will be noted that the aliens are bilaterally colored, black on the one side and white on the other.	Jud Taylor	Lee Cronin	1969-01-10	tos	3	15	Bele, Lokai	James T. Kirk	Spock, Leonard McCoy
tos3x16	Whom Gods Destroy	Kirk visits a mental health facility and confronts Garth of Isar, an insane starship captain who believes he is destined to control the universe.	Herb Wallerstein	Lee Erwin, Jerry Sohl	1969-01-03	tos	3	16		James T. Kirk, Garth of Izar	Spock, Montgomery Scott, Leonard McCoy, Donald Cory, Marta
tos3x17	The Mark of Gideon	An overpopulated race of aliens hold Kirk captive on a replica of the Enterprise in order that he might solve their problem.	Jud Taylor	George F. Slavin, Stanley Adams	1969-01-17	tos	3	17		James T. Kirk, Odona	Spock, Montgomery Scott, Hodin
tos3x18	The Lights of Zetar	Memory Alpha, a planetoid set up by the Federation solely as a central library containing the total cultural history and scientific knowledge of all planetary Federation members, has its records incidentally destroyed by a group of strange, energy-based life forms in search of a compatible humanoid host.	Herb Kenwith	Jeremy Tarcher, Shari Lewis	1969-01-31	tos	3	18	Montgomery Scott, Mira Romaine	James T. Kirk	Spock, Leonard McCoy
tos3x19	The Cloud Minders	Kirk and Spock race against time to acquire a vital mineral from a world where the general population is in the midst of a civil uprising against the elites, who live in a fantastic cloud city in the sky.	Jud Taylor	David Gerrold, Oliver Crawford	1969-02-28	tos	3	19		James T. Kirk, Spock, Vanna, Plasus	Droxine, Leonard McCoy
tos3x20	The Way to Eden	The Enterprise is hijacked by a criminal doctor and his loyal band of space-hippies who are attempting to find the mythical planet Eden.	David Alexander	Michael Richards, Arthur Heinemann	1969-02-21	tos	3	20		James T. Kirk, Spock, Sevrin	Leonard McCoy, Montgomery Scott, Chekov, Irina Galiulin, Adam
tos3x21	Requiem for Methuselah	The Enterprise crew encounters an immortal human who lives as a recluse on his own planet.	Murray Golden	Jerome Bixby	1969-02-14	tos	3	21		James T. Kirk, Spock, Leonard McCoy, Flint, Rayna Kapec	
tos3x22	The Savage Curtain	A race of rock monsters force Kirk and Spock to team with Abraham Lincoln and Surak of Vulcan in a battle to the death against illusionary villains so that they might understand the concepts of good and evil.	Herschel Daugherty	Gene Roddenberry	1969-03-07	tos	3	22		James T. Kirk, Spock, Abraham Lincoln, Surak, Yarnek	Philip Green, Khaless, Zora, Ghengis Khan
tos3x23	All Our Yesterdays	Kirk, Spock, and McCoy are trapped in the past on a world threatened by a supernova.	Marvin Chomsky	Jean Lisette Aroeste	1969-03-14	tos	3	23		James T. Kirk, Spock, Leonard McCoy, Mr. Atoz, Zarabeth	Prosecutor
tos3x24	Turnabout Intruder	Kirk's consciousness becomes trapped in the body of a woman bent on killing him and taking over his command while inhabiting his body.	Herb Wallerstein	Gene Roddenberry	1969-06-03	tos	3	24	Janice Lester	James T. Kirk	Spock, Leonard McCoy, Montgomery Scott, Arthur Coleman
tas1x01	Beyond the Farthest Star	While exploring the outermost rim of the galaxy, the Enterprise crew discovers an ancient derelict starship of peculiar design and learn it was once home to an insect race. Also there is a malevolent entity lurking somewhere about.	Hal Sutherland	Samuel A. Peeples	1973-09-08	tas	1	1		James T. Kirk, Spock, unnamed TAS1x01 alien	Hikaru Sulu, Uhura Scotty, Leonard McCoy
tas1x02	Yesteryear	Spock must travel to the past to rescue his younger self from danger.	Hal Sutherland	D. C. Fontana	1973-09-15	tas	1	2	Spock	Spock (young)	James T. Kirk, Leonard McCoy, Sarek, Vulcan healer, Amanda Grayson
tas1x03	One of Our Planets Is Missing	The Enterprise crew encounters a giant cloud creature that feeds on the energy of the planets that lie in its path.	Hal Sutherland	Marc Daniels	1973-09-22	tas	1	3		James T. Kirk, Spock, Scott	Leonard McCoy, Bob Wesley
tas1x04	The Lorelei Signal	A siren song lures the Enterprise crew to a planet of beautiful women who maintain their youthful appearances by the absorption of male life force, which they achieve through the use of life-draining headbands of some kind. When Kirk and his landing party are taken captive and forced to wear the headbands, Uhura leads the women of the Enterprise to their rescue.	Hal Sutherland	Margaret Armen	1973-09-29	tas	1	4		James T. Kirk, Spock, Leonard McCoy, Theela	Uhura, Christine Chapel, Montgomery Scott
tas1x05	More Tribbles, More Troubles	On a mission to escort a shipment of grain to Sherman's Planet, the Enterprise crew become entangled in an ongoing conflict between the Klingons and the notorious tribble peddler, Cyrano Jones.	Hal Sutherland	David Gerrold	1973-10-06	tas	1	5	James T. Kirk	Cyrano Jones	Spock, Leonard McCoy, Montgomery Scott, Koloth
tas1x06	The Survivor	Patrolling near the Neutral Zone , the Enterprise crew finds a ship manned by Carter Winston, a Federation citizen and philanthropist who has been missing for five years.	Hal Sutherland	James Schmerer	1973-10-13	tas	1	6	Carter Winston, Anne Nored	James T. Kirk	Spock, Leonard McCoy
tas1x07	The Infinite Vulcan	A species of plant-like beings, led by a clone of an Eugenics War-era scientist, clones a giant Spock with the intention of creating a master race.	Hal Sutherland	Walter Koenig	1973-10-20	tas	1	7	Spock	James T. Kirk, Stavos Keniclius 5	Agmar, Leonard McCoy, Hikaru Sulu, Montgomery Scott
tas1x08	The Magicks of Megas-Tu	While exploring near the center of the galaxy, the Enterprise crew discovers a planet where magic substitutes for the known laws of physics. Kirk and his landing party find the planet inhabited by a race of ageless beings that had, at one time, lived on Earth, and were responsible for the legends about witches. What is more, Lucien, their guide, reveals himself to be the devil of Earth mythology.	Hal Sutherland	Larry Brody	1973-10-27	tas	1	8	Lucien	James T. Kirk	Spock, Leonard McCoy, Megan
tas1x09	Once Upon a Planet	The Enterprise crew visits the Shore Leave planet, an amusement park planet where thoughts become reality, intent on getting some rest and relaxation. This plan goes awry, however, when Kirk and his landing party find the planet's Keeper has died and the untended machinery is conjuring dangerous realities from their imaginations. 	Hal Sutherland	Chuck Menville, Len Janson	1973-11-03	tas	1	9		James T. Kirk, Uhura, Shore Leave Planet Computer	Hikaru Sulu, Leonard McCoy, Spock, Montgomery Scott
tas1x10	Mudd's Passion	The Enterprise crew receives orders to arrest Federation outlaw Harry Mudd, who is accused of selling fake love crystals to lonely miners.	Hal Sutherland	Stephen Kandel	1973-11-10	tas	1	10	Spock, Christine Chapel, Harry Mudd		James T. Kirk
tas1x11	The Terratin Incident	The Enterprise crew begin to shrink after the ship is hit with a bight flash of radiation directed from a nearby planet. Kirk beams down to find a race of tiny people who are desperate to leave their volcanic homeworld.	Hal Sutherland	Paul Schneider	1973-11-17	tas	1	11		James T. Kirk	Spock
tas1x12	The Time Trap	On a mission to explore the Delta Triangle, where many starships have disappeared, the Enterprise is attacked by several Klingon vessels. During the battle the Enterprise and one Klingon battlecruiser are drawn into a timeless dimension where fellow castaways from all the major races of the galaxy live together in peace.	Hal Sutherland	Joyce Perry	1973-11-24	tas	1	12		James T. Kirk, Kor, Xerius	Spock, Leonard McCoy, Montgomery Scott
tas1x13	The Ambergris Element	While exploring the water world, Kirk and Spock are transformed into water breathers by the planet's undersea inhabitants. In order to return to their normal selves, they must enlist the help of these people to capture a giant sur-snake, whose venom holds the antidote.	Hal Sutherland	Margaret Armen	1973-12-01	tas	1	13		James T. Kirk, Spock, Rila	Montgomery Scott, Leonard McCoy
tas1x14	The Slaver Weapon	In the shuttlecraft, Spock and company are en-route to a starbase to deliver a stasis box - a rare artifact of the Slaver culture - when the Kzinti intervene.	Hal Sutherland	Larry Niven	1973-12-15	tas	1	14		Spock, Uhura, Hikaru Sulu, Chuft Captain	Kzinti telepath
tas1x15	The Eye of the Beholder	Kirk and some members of his crew are abducted by a race of highly intelligent slug-like aliens and are put on display in a zoo.	Hal Sutherland	David P. Harmon	1974-01-05	tas	1	15		James T. Kirk, Spock, Leonard McCoy	Montgomery Scott, Randi Bryce, Tom Markel
tas1x16	The Jihad	Kirk and Spock have been summoned to the Velada asteroid to learn about a stolen religious artifact, the "Soul of the Skorr", whose theft could ignite a galactic holy war.	Hal Sutherland	Stephen Kandel	1974-01-12	tas	1	16	James T. Kirk, Spock	Tchar	Sord, Lara, Em3Green
tas2x01	The Pirates of Orion	Spock contracts a fatal illness, and the cure can only be found with dangerous Orion pirates.	Hal Sutherland	Howard Weinstein	1974-09-07	tas	2	1	Spock	James T. Kirk	Leonard McCoy, Orion captain
tas2x02	Bem	A reckless diplomat from a newly contacted race of colony creatures accompanies the Enterprise crew on a mission to survey a planet populated by stone age reptilians.	Hal Sutherland	David Gerrold	1974-09-14	tas	2	2	Ari bn Bem	James T. Kirk, Spock	Leonard McCoy, Montgomery Scott, Uhura
tas2x03	The Practical Joker	A strange energy field causes the Enterprise computer to play practical jokes on the crew, but the humor soon turns to danger.	Hal Sutherland	Chuck Menville	1974-09-21	tas	2	3		James T. Kirk, Spock, Enterprise computer	Leonard McCoy, Uhura, Hikaru Sulu, Montgomery Scott
tas2x04	Albatross	Doctor McCoy is arrested for allegedly causing a deadly plague which once ravaged the planet Dramia.	Hal Sutherland	Dario Finelli	1974-09-28	tas	2	4	Leonard McCoy	James T. Kirk	Spock, Kol-tai, Demos
tas2x05	How Sharper Than a Serpent's Tooth	A mysterious being threatens to destroy the Enterprise if the crew is unable to solve an ancient puzzle.	Bill Reed	Russell Bates, David Wise	1974-10-05	tas	2	5	Kukulkan	James T. Kirk	Montgomery Scott, Leonard McCoy, Mr. Walkingbear, Spock
tas2x06	The Counter-Clock Incident	An unusual spaceship pulls the Enterprise into a "negative universe " where time seems to flow backwards.	Bill Reed	John Culver	1974-10-12	tas	2	6		James T. Kirk, Robert April, Karla Five	Spock, Leonard McCoy, Sarah April
tng1x01	Encounter at Farpoint	The new starship Enterprise-D begins her maiden voyage by uncovering the mysteries of an advanced space station. The crew's mission is threatened by an omnipotent being named Q, who puts them on trial for the crimes of all humanity.	Corey Allen	D. C. Fontana, Gene Roddenberry	1987-09-28	tng	1	1	Jean-Luc Picard, Q	Groppler Zorn	Natasha Yar, William T. Riker, Deanna Troi, Data, Worf, Beverly Crusher, Wesley Crusher, Geordi La Forge
tng1x02	Encounter at Farpoint	The new starship Enterprise-D begins her maiden voyage by uncovering the mysteries of an advanced space station. The crew's mission is threatened by an omnipotent being named Q, who puts them on trial for the crimes of all humanity.	Corey Allen	D. C. Fontana, Gene Roddenberry	1987-09-28	tng	1	2			
tng1x03	The Naked Now	A strange, intoxicating infection, which lowers the crew's emotional inhibitions, spreads throughout the Enterprise, endangering the entire ship, just as had once happened aboard the original Enterprise.	Paul Lynch	John D. F. Black, J. Michael Bingham	1987-10-05	tng	1	3		Jean-Luc Picard, Wesley Crusher, Data, Beverly Crusher	William T. Riker, Natasha Yar, Geordi La Forge, Jim Shimoda
tng1x04	Code of Honor	Tasha Yar is abducted by the leader of a people who abide by a strict code of honor, which requires her participation in a fight to the death.	Russ Mayberry	Katharyn Powers, Michael Baron	1987-10-12	tng	1	4	Natasha Yar	Jean-Luc Picard, Lutan	William T. Riker, Deanna Troi, Beverly Crusher, Data, Geordi La Forge, Hagon, Yareena
tng1x05	The Last Outpost	An unknown force immobilizes the Enterprise during the Federation's first encounter with a new alien threat — the Ferengi.	Richard Colla	Richard Krzmeien	1987-10-19	tng	1	5		William T. Riker, Jean-Luc Picard, Tog	Data, Worf, Geordi La Forge, Natasha Yar, Portal 6-3
tng1x06	Where No One Has Gone Before	A Federation scientist and his mysterious assistant beam aboard the Enterprise-D with orders to perform an experimental upgrade on the warp engines. But when a test of the scientist's handiwork unexpectedly takes the ship to the edge of the known universe, the crew must rely on his assistant, known only as The Traveler, to return them safely home.	Rob Bowman	Diane Duane, Michael Reaves	1987-10-26	tng	1	6	Wesley Crusher	The Traveler, Jean-Luc Picard, Kosinski	William T. Riker, Argyle, Beverly Crusher, Yvette Picard
tng1x07	Lonely Among Us	An alien entity possesses Captain Picard while the Enterprise is transporting delegates from two feuding planets.	Cliff Bole	Michael Halperin	1987-11-02	tng	1	7	Jean-Luc Picard		Data, Worf, William T. Riker, Beverly Crusher, Geordi La Forge, Deanna Troi, Badar N'D'D, Ssestar
tng1x08	Justice	On a visit to a primitive and seemingly utopian world, Captain Picard must contemplate violating the Prime Directive when Wesley is condemned to death for breaking a trivial law by falling into a flowerbed.	James L. Conway	Ralph Willis, Worley Thorne	1987-11-09	tng	1	8		Wesley Crusher, Jean-Luc Picard, Rivan, Liator	Deanna Troi, Natasha Yar, William T. Riker, Worf, Beverly Crusher
tng1x09	The Battle	A Ferengi captain returns the abandoned Stargazer to its former captain, Jean-Luc Picard. Picard, who experiences severe headaches, begins to relive the "Battle of Maxia" in which he lost the ship.	Rob Bowman	Larry Forrester	1987-11-16	tng	1	9	Jean-Luc Picard	Bok	Beverly Crusher, Deanna Troi, William T. Riker, Kazago
tng1x10	Hide and Q	Q returns to the Enterprise to tempt Commander Riker into joining the Q Continuum with the lure of Q's powers.	Cliff Bole	C.J. Holland	1987-11-23	tng	1	10	William T. Riker, Q		Jean-Luc Picard, Data, Worf, Geordi La Forge, Natasha Yar,  unnamed Klingon female of tng1x10
tng1x11	Haven	Tempers flare when Counselor Troi is visited aboard the Enterprise by her mother, Lwaxana Troi, who is intent on seeing that her daughter's arranged marriage ceremony proceeds smoothly.	Richard Compton	Tracy Tormé, Lan O'Kun	1987-11-30	tng	1	11	Deanna Troi	William T. Riker, Lwaxana Troi	Wyatt Miller, Victoria Miller, Steven Miller, Jean-Luc Picard, Mr. Homn
tng1x12	The Big Goodbye	A computer malfunction traps Picard, Data, Beverly, and Whalen in a Dixon Hill holodeck program set in early 20th century Earth.	Joseph L. Scanlan	Tracy Tormé	1988-01-11	tng	1	12	Jean-Luc Picard		Beverly Crusher, Whalen, Data, William T. Riker
tng1x13	Datalore	The Enterprise crew finds a disassembled android identical to Data on the planet where Data was found, which was once home to a colony that was destroyed by a life form known as the Crystalline Entity. The reassembled android, Lore, hatches a nefarious plot to bring the Crystalline Entity to the Enterprise.	Rob Bowman	Robert Lewin, Maurice Hurley	1988-01-18	tng	1	13	Data, Lore		Wesley Crusher, Jean-Luc Picard, Beverly Crusher, William T. Riker
tng1x14	Angel One	While Riker leads an away team to a matriarchal world to rescue the survivors of a downed freighter, Beverly must find a cure for a virus that is spreading on the Enterprise.	Michael Rhoades	Patrick Barry	1988-01-25	tng	1	14	William T. Riker	Beata, Beverly Crusher	Jean-Luc Picard, Deanna Troi, Natasha Yar, Data, Geordi La Forge, Ramsey, Ariel, Trent
tng1x15	11001001	Docked at a starbase for a routine maintenance check, the Enterprise is boarded by a group of technologically advanced aliens, who are tasked to upgrade the ship's computer systems, but choose instead to evacuate the crew and commandeer the ship to their homeworld. Only Picard and Riker remain onboard but are distracted on the holodeck by a surprisingly realistic character.	Paul Lynch	Maurice Hurley, Robert Lewin	1988-02-01	tng	1	15		Jean-Luc Picard, William T. Riker, Minuet, One Zero, Zero One	Data, Geordi La Forge
tng1x16	Too Short a Season	The Enterprise transports a legendary geriatric admiral who must once again negotiate a hostage situation involving a man from decades earlier in his career. The admiral however, is mysteriously growing younger the farther along their mission progresses.	Rob Bowman	Michael Michaelian	1988-02-08	tng	1	16	Mark Jameson	Jean-Luc Picard	Karnas, Beverly Crusher, Anne Jameson
tng1x17	When The Bough Breaks	A planet formerly existing only in legend uncloaks and requests help from the Enterprise crew. The planet's inhabitants are sterile and are determined to adopt children from the Enterprise — by force, if necessary.	Kim Manners	Hannah Louise Shearer	1988-02-15	tng	1	17		Jean-Luc Picard, Wesley Crusher, Radu 	William T. Riker, Beverly Crusher, Rashella, Harry Bernard Sr., Harry Bernard Jr., Toya, Alexandra
tng1x18	Home Soil	On a visit to a dead planet in the process of being terraformed, the Enterprise crew find the terraformers are under threat from an unknown crystalline life form.	Corey Allen	Karl Geurs,  Ralph Sanchez, Robert Sabaroff	1988-02-22	tng	1	18	Kurt Mandl	Jean-Luc Picard	William T. Riker, Data, Luisa Kim, Beverly Crusher
tng1x19	Coming of Age	While Wesley takes a Starfleet Academy entrance exam, the senior staff of the Enterprise are placed under investigation by Starfleet.	Mike Vejar	Sandy Fries	1988-03-14	tng	1	19	Jean-Luc Picard, Wesley Crusher	Dexter Remmick	Chang, Oliana Mirren, Mordock, T'Shanik, Jake Kurland, William T. Riker
tng1x20	Heart of Glory	Fugitive Klingons seeking battle attempt to hijack the Enterprise, and ask Worf to join them.	Rob Bowman	Maurice Hurley, Herbert Wright, D. C. Fontana	1988-03-21	tng	1	20	Worf	Korris, Konmel	Jean-Luc Picard, William T. Riker, Data, Geordi La Forge, Kunivas
tng1x21	The Arsenal of Freedom	Trapped on the surface of an abandoned planet, Captain Picard and his away team become unwitting participants in the demonstration of an advanced weapons system. Meanwhile Geordi commands the Enterprise in battle against an automated probe from the planet.	Les Landau	Maurice Hurley, Robert Lewin	1988-04-11	tng	1	21		Jean-Luc Picard, Beverly Crusher, Geordi La Forge	William T. Riker, Natasha Yar, Data, Logan
tng1x22	Symbiosis	Captain Picard tries to mediate a trade dispute between two neighboring planets, one of which is the sole supplier of a drug to treat the other's apparently fatal disease.	Win Phelps	Robert Lewin	1988-04-18	tng	1	22		Jean-Luc Picard, Romas, T'Jon, Langor, Sobi	William T. Riker, Natasha Yar
tng1x23	Skin of Evil	A malevolent slick of tar holds Troi hostage on an alien world. During the rescue mission, one of the Enterprise crew is killed.	Joseph L. Scanlan	Joseph Stefano	1988-04-25	tng	1	23	Natasha Yar	Jean-Luc Picard, Armus, Deanna Troi	William T. Riker, Beverly Crusher, Data
tng1x24	We'll Always Have Paris	Captain Picard encounters an old flame when the Enterprise follows an automated distress signal from her scientist husband, who has been adversely affected by an accident involving his experiments with non-linear time.	Robert Becker	Deborah Dean Davis, Hannah Louise Shearer	1988-05-02	tng	1	24	Jean-Luc Picard	Data, Jenice Manheim	Beverly Crusher, Paul Manheim
tng1x25	Conspiracy	The strange behavior of high-ranking officers leads Captain Picard to uncover a conspiracy perpetrated by a race of parasitic bug aliens within Starfleet.	Cliff Bole	Robert Sabaroff	1988-05-09	tng	1	25	Jean-Luc Picard	William T. Riker	Gregory Quinn, Data, Rixx, Savar, Dexter Remmick, Walter Keel, Tryla Scott
tng1x26	The Neutral Zone	A derelict satellite is found containing cryogenically preserved humans from the 21st century as the Enterprise is sent to investigate the destruction of outposts near Romulan Neutral Zone.	James L. Conway	Deborah McIntyre, Mona Clee	1988-05-16	tng	1	26		Jean-Luc Picard, Data, Clare Raymond, Ralph Offenhouse, L.Q. Sonny Clemonds	Beverly Crusher, William T. Riker
tng2x01	The Child	Counsellor Troi is impregnated by a transcendental alien and gives birth to an enigmatic child. Meanwhile Geordi La Forge prepares the Enterprise to transport dangerous plague specimens.	Rob Bowman	Jaron Summers, Jon Povill, Maurice Hurley	1988-11-21	tng	2	1	Deanna Troi, Ian	Katherine Pulaski	Jean-Luc Picard, William T. Riker, Wesley Crusher
tng2x02	Where Silence Has Lease	The Enterprise is trapped in a "hole in space" by a transcendental alien, who, evidently being immortal, aims to gain a systematic understanding of death by conducting murderous experiments on his newfound human specimens.	Winrich Kolbe	Jack B. Sowards	1988-11-28	tng	2	2		Jean-Luc Picard, Nagilum	William T. Riker, Worf, Data, Haskell
tng2x03	Elementary, Dear Data	After Data easily solves an ordinary Sherlock Holmes holodeck mystery, Geordi La Forge asks the computer to make a Holmes villain capable of defeating him. The resultant Professor Moriarty soon becomes far more powerful than expected.	Rob Bowman	Brian Alan Lane	1988-12-05	tng	2	3	Data, James Moriarty		Jean-Luc Picard, Geordi La Forge, Katherine Pulaski
tng2x04	The Outrageous Okona	The Enterprise crew is caught up in the schemes of a flamboyant space rogue on the run, while Data explores the nature of humor with the help of a holodeck comedian.	Robert Becker	Les Menchen, Lance Dickson, David Landsberg	1988-12-12	tng	2	4	Thadiun Okona	Data	Jean-Luc Picard, Data, Guinan, William T. Riker, Debin, Kushell, Yanar, Benzan
tng2x05	Loud As A Whisper	The Enterprise hosts a deaf, telepathic ambassador who mediates difficult peace negotiations with the assistance of his chorus of telepathic interpreters.	Larry Shaw	Jacqueline Zambrano	1989-01-09	tng	2	5	Riva	Deanna Troi	Jean-Luc Picard, William T. Riker, Geordi La Forge, Riva's chorus
tng2x06	The Schizoid Man	Brilliant scientist Dr. Ira Graves cheats death by uploading his memories and personality into the android Data.	Les Landau	Richard Manning, Hans Beimler	1989-01-23	tng	2	6	Data	Ira Graves	Jean-Luc Picard, Kareen Brianon, Deanna Troi
tng2x07	Unnatural Selection	The Enterprise receives a distress call from the USS Lantree, discovering their crew has apparently died of old age.	Paul Lynch	John Mason, Mike Gray	1989-01-30	tng	2	7	Katherine Pulaski	Sara Kingsley	Jean-Luc Picard, Deanna Troi, Data
tng2x08	A Matter Of Honor	Riker is assigned to a Klingon vessel via an officer exchange program between the Federation and the Klingon Empire.	Rob Bowman	Wanda M. Haight, Gregory Amos, Burton Armus	1989-02-06	tng	2	8	William T. Riker	Mendon	Wesley Crusher, Jean-Luc Picard, Kargan, Klag, Vekma
tng2x09	The Measure Of A Man	When Data refuses orders to be dismantled for research purposes, a hearing is convened to determine if he is a legal citizen or property of the Federation.	Robert Scheerer	Melinda M. Snodgrass	1989-02-13	tng	2	9	Data	Jean-Luc Picard, Bruce Maddox	Philipa Louvois, William T. Riker
tng2x10	The Dauphin	Wesley falls in love with an exiled young princess who is being transported aboard the Enterprise to her war ravaged home world.	Rob Bowman	Scott Rubenstein, Leonard Mlodinow	1989-02-20	tng	2	10	Wesley Crusher	Salia	William T. Riker, Geordi La Forge, Worf, Anya
tng2x11	Contagion	A dangerous alien computer virus runs rampant through the Enterprise and a Romulan warbird after causing the destruction of galaxy-class starship, the USS Yamato.	Joseph L. Scanlan	Steve Gerber,  Beth Woods	1989-03-20	tng	2	11	Jean-Luc Picard	Data	Geordi La Forge, William T. Riker, Donald Varley
tng2x12	The Royale	Riker, Worf, and Data investigate a structure on the surface of an inhospitable planet, which appears to be a hotel-casino from 20th century Earth.	Cliff Bole	Keith Mills	1989-03-27	tng	2	12		William T. Riker, Data, Worf	Jean-Luc Picard, Geordi La Forge, bellboy, assistant manager, Texas, Vanessa
tng2x13	Time Squared	Picard encounters his future self, when the Enterprise becomes caught in a time loop.	Joseph L. Scanlan	Kurt Michael Bensmiller	1989-04-03	tng	2	13	Jean-Luc Picard		Data, William T. Riker, Katherine Pulaski, Deanna Troi, Geordi La Forge
tng2x14	The Icarus Factor	Riker 's estranged father visits to brief him on the command he's been offered, while Worf's friends discover he is about to miss an important Klingon rite of passage.	Robert Iscove	David Assael	1989-04-24	tng	2	14	William T. Riker, Kyle Riker		Worf, Wesley Crusher, Geordi La Forge, Katherine Pulaski, Data
tng2x15	Pen Pals	The Prime Directive is threatened when Data befriends the child of a pre-warp planet.	Winrich Kolbe	Hannah Louise Shearer	1989-05-01	tng	2	15	Data	Sarjenka, Wesley Crusher	Jean-Luc Picard, William T. Riker, Davies
tng2x16	Q Who	Q flings the Enterprise 7,000 light years beyond Federation space and introduces them to the deadly Borg.	Rob Bowman	Maurice Hurley	1989-05-08	tng	2	16	Jean-Luc Picard, Q		Geordi La Forge, Sonya Gomez, Guinan, William T. Riker
tng2x17	Samaritan Snare	While Picard is away from the enterprise to undergo a serious medical operation, a group of seemingly dimwitted aliens, the Pakleds, kidnap Geordi in an effort to steal Federation technology.	Les Landau	Robert L. McCullough	1989-05-15	tng	2	17	Geordi La Forge	Jean-Luc Picard, Wesley Crusher, Grebnedlog, Reginod	William T. Riker, Katherine Pulaski
tng2x18	Up The Long Ladder	Picard must find a way to convince a colony of space Irish and a colony of clones that they must cooperate to survive.	Winrich Kolbe	Melinda M. Snodgrass	1989-05-22	tng	2	18		Jean-Luc Picard, Danilo Odell, Brenna Odell, Wilson Granger	William T. Riker, Worf, Katherine Pulaski
tng2x19	Manhunt	Lwaxana Troi visits the enterprise in the market for a new husband, and she's set her sights on Picard.	Rob Bowman	Terry Devereaux	1989-06-19	tng	2	19	Lwaxana Troi	Jean-Luc Picard	Deanna Troi
tng2x20	The Emissary	Worf's former lover comes aboard Enterprise to help deal with a ship of Klingon sleeper agents unaware they are no longer at war.	Cliff Bole	Richard Manning, Hans Beimler, Thomas H. Calder	1989-06-26	tng	2	20	Worf, K'Ehleyr		Jean-Luc Picard, Deanna Troi
tng2x21	Peak Performance	The Enterprise and USS Hathaway face off in war games, while Data fails to beat a Zakdorn at a game of Strategema and exhibits self-doubt.	Robert Scheerer	David Kemper	1989-07-10	tng	2	21		William T. Riker, Jean-Luc Picard, Sirna Kolrami, Data	Worf, Wesley Crusher, Geordi La Forge, Data, Katherine Pulaski, Deanna Troi, Bractor
tng2x22	Shades of Gray	Riker is poisoned into a coma where he relives various moments of his service aboard the Enterprise.	Rob Bowman	Maurice Hurley	1989-07-17	tng	2	22	William T. Riker	Katherine Pulaski, Deanna Troi	Jean-Luc Picard, Geordi La Forge, Data
tng3x01	Evolution	An obsessed scientist arrives aboard the Enterprise to observe a type 1A supernova. His plans to study this once in a lifetime event are complicated when a culture of microbial robots escape from Wesley's laboratory and form a collective intelligence, threatening the ship.	Winrich Kolbe	Michael Piller, Michael Wagner	1989-09-25	tng	3	1	Wesley Crusher	Jean-Luc Picard, Paul Stubbs	Beverly Crusher, Geordi La Forge
tng3x02	The Ensigns of Command	Data must persuade a group of stubborn colonists to evacuate their homeland when they are threatened by a powerful and mysterious race.	Cliff Bole	Melinda M. Snodgrass	1989-10-02	tng	3	2	Data	Jean-Luc Picard, Ard'rian McKenzie, Gosheven	Deanna Troi, Haritath, Kentor, Sheliak captain
tng3x03	The Survivors	The Enterprise crew investigates the last two survivors of an annihilated world. The entire surface of the planet has been transformed to dust except for the survivors' one little garden and house.	Les Landau	Michael Wagner	1989-10-09	tng	3	3		Jean-Luc Picard, Kevin Uxbridge, Rishon Uxbridge	William T. Riker, Deanna Troi
tng3x04	Who Watches The Watchers	Troi and Riker must undo the damage done when a primitive people discovers a Federation observation team on their planet and eventually conclude that Captain Picard is a God.	Robert Wiemer	Richard Manning, Hans Beimler	1989-10-16	tng	3	4	Jean-Luc Picard	William T. Riker, Deanna Troi, Oji, Lico	Beverly Crusher, Nuria, Barron
tng3x05	The Bonding	Worf and a mysterious entity both seek to comfort a boy who has lost his mother in an accident on the entity's planet.	Winrich Kolbe	Ronald D. Moore	1989-10-23	tng	3	5	Worf	Jeremy Aster, Koinonian entity	Jean-Luc Picard, Deanna Troi
tng3x06	Booby Trap	The Enterprise falls victim to an ancient booby trap set to snare starships. While trying to find an escape, Geordi finds himself falling in love with a holodeck representation of the famous Federation engineer Leah Brahms.	Gabrielle Beaumont	Michael Wagner, Ron Roman	1989-10-30	tng	3	6	Geordi La Forge	Jean-Luc Picard, Leah Brahms	William T. Riker, Data, Christy Henshaw
tng3x07	The Enemy	Geordi is trapped on an inhospitable planet with a hostile Romulan, and the two must work together to survive.	David Carson	David Kemper, Michael Piller	1989-11-06	tng	3	7	Geordi La Forge	Worf, Bochra	Jean-Luc Picard, William T. Riker, Beverly Crusher, Tomalak, Patahk
tng3x08	The Price	Troi falls in love with a charismatic negotiator who vies for rights to, what is apparently, the only known stable wormhole.	Robert Scheerer	Hannah Louise Shearer	1989-11-13	tng	3	8	Deanna Troi	Jean-Luc Picard, Devinoni Ral	William T. Riker, Goss, Leyor, Arridor, Seth Mendoza, Bhavani
tng3x09	The Vengeance Factor	Riker exposes an assassin in the midst of critical peace talks between a band of nomadic marauders and their mother people.	Timothy Bond	Sam Rolfe	1989-11-20	tng	3	9		William T. Riker, Marouk, Brull, Yuta	Jean-Luc Picard, Beverly Crusher, Data, Chorgan
tng3x10	The Defector	Determined to avert a war, a Romulan officer defects to warn Picard of the Romulan Empire's invasion plans.	Robert Scheerer	Ronald D. Moore	1990-01-01	tng	3	10	Alidar Jarok	Jean-Luc Picard, Data	William T. Riker, Geordi La Forge
tng3x11	The Hunted	A genetically modified soldier reveals the social problems of a world hoping to join the Federation.	Cliff Bole	Robin Bernheim	1990-01-08	tng	3	11	Roga Danar	Jean-Luc Picard, Nayrok	William T. Riker, Deanna Troi, Worf, Data
tng3x12	The High Ground	Beverly is kidnapped by terrorists who need medical assistance as the technology employed in their attacks is detrimental to their own health.	Gabrielle Beaumont	Melinda M. Snodgrass	1990-01-29	tng	3	12	Beverly Crusher	Kyril Finn	Jean-Luc Picard, William T. Riker, Wesley Crusher, Alexana Devos
tng3x13	Deja Q	The Q Continuum strips Q of his powers and dumps him aboard the Enterprise.	Les Landau	Richard Danus	1990-02-05	tng	3	13	Q	Jean-Luc Picard, Data	Geordi La Forge, William T. Riker
tng3x14	A Matter of Perspective	When Riker is accused of murdering a prominent scientist, the holodeck is used to reconstruct the events from different perspectives.	Cliff Bole	Ed Zuckerman	1990-02-12	tng	3	14	William T. Riker	Nel Apgar, Krag	Jean-Luc Picard, Data, Deanna Troi, Manua Apgar
tng3x15	Yesterday's Enterprise	When the Enterprise-C emerges from the past out of a temporal rift, the Enterprise-D's reality is altered into a one where Tasha Yar is still alive and the Federation is in a desperate war with the Klingon Empire, but only Guinan senses that something is very wrong.	David Carson	Trent Christopher Ganino,  Eric A. Stillwell	1990-02-19	tng	3	15		Jean-Luc Picard, Guinan, Rachel Garrett	Richard Castillo, Natasha Yar
tng3x16	The Offspring	Data creates a young android, which names Lal, who he considers to be his daughter. But a Starfleet admiral arrives demanding she be removed from the Enterprise.	Jonathan Frakes	René Echevarria	1990-03-12	tng	3	16	Data	Jean-Luc Picard, Lal, Anthony Haftel	Deanna Troi
tng3x17	Sins of the Father	Worf goes on trial to prove his father's innocence after the Klingon High Council declares that Worf's father is a traitor, and had conspired with the Romulans before the Khitomer massacre.	Les Landau	Drew Deighan	1990-03-19	tng	3	17	Worf	Jean-Luc Picard, Kurn	William T. Riker
tng3x18	Allegiance	Aliens kidnap Picard and replace him with a duplicate, who sends the Enterprise to a pulsar. Meanwhile, the real Picard and three other captives try to escape from their prison.	Winrich Kolbe	Richard Manning, Hans Beimler	1990-03-26	tng	3	18	Jean-Luc Picard	William T. Riker, Mitena Haro, Kova Tholl, Esoqq, Picard (impostor)	Deanna Troi, Beverly Crusher, Abducting Alien no. 1, Abducting Alien no. 2
tng3x19	Captain's Holiday	Picard is convinced to take some much needed shore leave, but gets wrapped up in a woman's treasure hunt.	Chip Chalmers	Ira Steven Behr	1990-04-02	tng	3	19	Jean-Luc Picard	Vash, Sovak	Ajur, Boratus, William T. Riker
tng3x20	Tin Man	A gifted telepath whom Deanna Troi once treated as a patient comes aboard to establish first contact with a living spaceship near an unstable star before the Romulans do.	Robert Scheerer	Dennis Putman Bailey, David Bischoff	1990-04-23	tng	3	20	Tam Elbrun	Jean-Luc Picard, Data	Deanna Troi, Geordi La Forge, William T. Riker
tng3x21	Hollow Pursuits	Lieutenant Barclay's use of the holodeck as an escape from reality interferes with his duties. Meanwhile, the Enterprise is beset with random malfunctions that defy explanation.	Cliff Bole	Sally Caves	1990-04-30	tng	3	21	Reginald Barclay	Geordi La Forge	Deanna Troi, William T. Riker, Jean-Luc Picard
tng3x22	The Most Toys	An evil trader is determined to add Data to his private collection of unique items from around the galaxy.	Timothy Bond	Shari Goodhartz	1990-05-07	tng	3	22	Data	Varria, Kivas Fajo	Jean-Luc Picard, William T. Riker, Geordi La Forge, Palor Toff
tng3x23	Sarek	The Enterprise is plagued by an outbreak of violence when it is visited by the renowned Vulcan ambassador, Sarek.	Les Landau	Peter S. Beagle	1990-05-14	tng	3	23	Jean-Luc Picard	Sarek	William T. Riker, Data, Beverly Crusher, Perrin, Ki Mendrossen, Sakkath
tng3x24	Ménage à Troi	An infatuated Ferengi Daimon kidnaps Lwaxana Troi with the intention of taking her for his bride.	Robert Legato	Fred Bronson, Susan Sackett	1990-05-28	tng	3	24	Deanna Troi, Lwaxana Troi	William T. Riker, Tog	Wesley Crusher, Farek, Nibor
tng3x25	Transfigurations	The Enterprise crew rescues an amnesiac with miraculous healing powers who is in the process of undergoing a strange and wondrous metamorphoses.	Tom Benko	René Echevarria	1990-06-04	tng	3	25	John Doe	Geordi La Forge, Beverly Crusher	Jean-Luc Picard, Worf, Data, Christy Henshaw
tng3x26	The Best of Both Worlds	Picard is assimilated by the Borg , who begin their invasion of Federation space.	Cliff Bole	Michael Piller	1990-06-18	tng	3	26	William T. Riker	Jean-Luc Picard, Shelby	Data, Geordi La Forge
tng4x01	The Best of Both Worlds, Part II	Captain Picard is rescued from the Borg as the Enterprise races to Sector 001 to save Earth.	Cliff Bole	Michael Piller	1990-09-24	tng	4	1	William T. Riker	Jean-Luc Picard, Shelby	Geordi La Forge, Worf, Data
tng4x02	Family	While the Enterprise is going under repairs at Earth, Picard visits his brother's family in France, Worf's adoptive human parents come to see him aboard the ship, and Beverly gives her son Wesley a personal holo-recording left by his late father shortly after the boy's birth.	Les Landau	Ronald D. Moore	1990-10-01	tng	4	2	Jean-Luc Picard	Robert Picard, Worf, Wesley Crusher	Deanna Troi, Beverly Crusher, Rene Picard, Marie Picard, Sergey Rozhenko, Helana Rozhenko
tng4x03	Brothers	When Data gets a signal from Noonien Soong, the android commandeers the Enterprise to meet his creator, but it turned out that Lore too has received the transmission.	Rob Bowman	Rick Berman	1990-10-08	tng	4	3	Data	Lore, Noonian Soong	Jean-Luc Picard, William T. Riker, Beverly Crusher, Jake Potts, Willie Potts
tng4x04	Suddenly Human	Picard must help a human boy being raised by rigidly patriarchal aliens to decide his fate.	Gabrielle Beaumont	Ralph Phillips	1990-10-15	tng	4	4	Jean-Luc Picard	Jono	Endar, Deanna Troi
tng4x05	Remember Me	After an apparent failure of a warp-field experiment, people begin to disappear from the Enterprise with only Beverly remembering that they ever existed.	Cliff Bole	Lee Sheldon	1990-10-22	tng	4	5	Beverly Crusher	Wesley Crusher	Jean-Luc Picard, Geordi La Forge, Galen Quaice, The Traveler
tng4x06	Legacy	The Enterprise crew enlists Tasha Yar's sister Ishara to lead a hostage rescue mission on their conflict-ridden colony world.	Robert Scheerer	Joe Menosky	1990-10-29	tng	4	6	Ishara Yar	Data	Jean-Luc Picard, William T. Riker, Hayne
tng4x07	Reunion	Worf's ex-girlfriend K'Ehleyr returns to the Enterprise, and along with Picard, the two mediate a Klingon power dispute. What is more, Worf is somewhat taken aback to find out that he has fathered her a son.	Jonathan Frakes	Drew Deighan, Thomas Perry, Jo Perry	1990-11-05	tng	4	7	Worf	Alexander Rozhenko, Jean-Luc Picard, K'Ehleyr	K'Mpec, Duras, Gowron
tng4x08	Future Imperfect	Riker awakens sixteen years in the future with his memory of the interim having apparently been erased by a dormant virus.	Les Landau	J. Larry Carroll, David Bennett Carren	1990-11-12	tng	4	8	William T. Riker	Barash	Jean-Luc Picard, Deanna Troi, Tomalak, Min Riker
tng4x09	Final Mission	Wesley sets off on his final mission with the Enterprise accompanied by Picard, but they become stranded on a desert planet together with an ornery mining shuttle captain.	Corey Allen	Kacey Arnold-Ince	1990-11-19	tng	4	9	Jean-Luc Picard, Wesley Crusher	Dirgo	William T. Riker, Geordi La Forge, Data, Beverly Crusher, Songi
tng4x10	The Loss	An unknown force existing in two-dimensional form captures the Enterprise and causes Troi to lose her empathic powers.	Chip Chalmers	Hilary J. Bader	1990-12-31	tng	4	10	Deanna Troi		Jean-Luc Picard, William T. Riker, Beverly Crusher, Data, Geordi La Forge, Janet Brooks
tng4x11	Data's Day	Data gets dancing lessons from Beverly in preparation of Chief O'Brien's wedding as the Enterprise brings Ambassador T'Pel to the Romulans for important negotiations.	Robert Wiemer	Harold Apter	1991-01-07	tng	4	11	Data, Miles O'Brien, Keiko O'Brien		Jean-Luc Picard, Geordi La Forge, Worf, Beverly Crusher, T'Pel, Deanna Troi, William T. Riker, Spot
tng4x12	The Wounded	A rogue Starfleet Captain jeopardizes the Cardassian peace treaty.	Chip Chalmers	Stuart Charno, Sara Charno,  Cy Chermak	1991-01-28	tng	4	12	Miles O'Brien, Benjamin Maxwell		Jean-Luc Picard, Macet, Telle, Glinn Dara
tng4x13	Devil's Due	A powerful mythic figure from a millennium ago returns to enslave a planet in accordance with a contract. However Picard is convinced she is an opportunistic charlatan.	Tom Benko	Philip LaZebnik, William Douglas Lansford	1991-02-04	tng	4	13	Ardra	Jean-Luc Picard	Data, Acost Jared, Worf, Deanna Troi, Howard Clark
tng4x14	Clues	The Enterprise crew, with the exception of Data, is rendered unconscious for 30 seconds after going through a localized wormhole. However, various clues suggest they were unconscious for an entire day.	Les Landau	Bruce D. Arthurs	1991-02-11	tng	4	14	Data	Jean-Luc Picard	Guinan, Beverly Crusher, Geordi La Forge, Deanna Troi
tng4x15	First Contact	When Riker is hospitalized during a botched pre-first contact mission on a world nearly warp flight, his alien nature is soon made apparent, and the ruling class must decide whether their people are ready to be a part of the interstellar community.	Cliff Bole	Marc Scott Zicree	1991-02-18	tng	4	15		William T. Riker, Jean-Luc Picard, Mirasta Yale, Avel Durken, Krola	Deanna Troi, Berel, Nilrem, Tava
tng4x16	Galaxy's Child	When the Enterprise crew accidentally kills a space whale creature, they must rush to save its unborn offspring. Meanwhile, Geordi meets the real Leah Brahms and finds to his shock that she is nothing like the woman he encountered on the holodeck.	Winrich Kolbe	Thomas Kartozian	1991-03-11	tng	4	16	Geordi La Forge	Jean-Luc Picard, Leah Brahms	Data, William T. Riker, Beverly Crusher, Guinan
tng4x17	Night Terrors	When the Enterprise is trapped in a rift in space, the entire crew suffers from REM sleep deprivation, with the single exception of Troi, who is subject to prophetic dreams.	Les Landau	Shari Goodhartz	1991-03-18	tng	4	17	Deanna Troi		Jean-Luc Picard, Data, William T. Riker, Andrus Hagen, Beverly Crusher, Gillespie
tng4x18	Identity Crisis	Geordi transforms into an alien creature with strong instinct to return to its planet of origin.	Winrich Kolbe	Timothy DeHaas	1991-03-25	tng	4	18	Geordi La Forge	Susanna Leijten	Jean-Luc Picard, Data, Beverly Crusher
tng4x19	The Nth Degree	After an encounter with an alien probe Barclay experiences great leaps in confidence and intelligence.	Robert Legato	Joe Menosky	1991-04-01	tng	4	19	Reginald Barclay		Jean-Luc Picard, Geordi La Forge, Deanna Troi, Beverly Crusher
tng4x20	Qpid	Q returns to test Picard's love for an old flame by transporting them and the command crew to an elaborate Robin Hood fantasy world.	Cliff Bole	Randee Russell  Ira Steven Behr	1991-04-22	tng	4	20	Q, Jean-Luc Picard	Vash	Geordi La Forge, Worf, Data, William T. Riker, Beverly Crusher, Deanna Troi, Sir Guy of Gisbourne
tng4x21	The Drumhead	An obsessed Starfleet admiral begins a witch-hunt for suspected Romulan spies aboard the Enterprise.	Jonathan Frakes	Jeri Taylor	1991-04-29	tng	4	21	Jean-Luc Picard	Norah Satie	D'Jan, Worf, Geordi La Forge, Sabin Genestra, Simon Tarses
tng4x22	Half a Life	Lwaxana Troi finally finds love, but discovers her man must undergo a ritualistic suicide.	Les Landau	Ted Roberts, Peter Allan Fields	1991-05-06	tng	4	22	Lwaxana Troi	Timicin	Deanna Troi, Jean-Luc Picard
tng4x23	The Host	Beverly falls in love with an accomplished ambassador, only to discover that he is a Trill symbiote, which is implanted into Riker after his original host dies.	Marvin V. Rush	Michel Horvat	1991-05-13	tng	4	23	Beverly Crusher	William T. Riker, Odan	Leka Trion, Deanna Troi, Kalin Trose
tng4x24	The Mind's Eye	The Romulans mentally condition Geordi to assassinate a Klingon governor.	David Livingston	Ken Schafer, René Echevarria	1991-05-27	tng	4	24	Geordi La Forge	Worf	Jean-Luc Picard, William T. Riker, Data, Kell, Taibak, Vagh
tng4x25	In Theory	Data participates in a romantic relationship with a fellow crew member.	Patrick Stewart	Joe Menosky, Ronald D. Moore	1991-06-03	tng	4	25	Data	Jenna D'Sora	Jean-Luc Picard, Guinan, Spot
tng4x26	Redemption	Worf leaves the Enterprise to fight on behalf of Gowron in a Klingon civil war.	Cliff Bole	Ronald D. Moore	1991-06-17	tng	4	26	Worf	Jean-Luc Picard, Gowron	Guinan, Kurn, Lursa, B'Etor, Toral, Sela, K'Tal
tng5x01	Redemption II	In an ongoing Klingon civil war, a fleet of 23 Federation ships blockades Romulan support to the Duras family, resulting in Gowron's installation as Chancellor.	David Carson	Ronald D. Moore	1991-09-23	tng	5	1	Worf	Jean-Luc Picard, Data, Sela	Kurn, Geordi La Forge, William T. Riker, Lursa, B'Etor, Toral, Gowron, Christopher Hobson
tng5x02	Darmok	Picard must learn to communicate with an alien captain who speaks in metaphors before a dangerous electromagnetic beast kills them both.	Winrich Kolbe	Philip LaZebnik,  Joe Menosky	1991-09-30	tng	5	2	Jean-Luc Picard, Dathon		William T. Riker, Data, Deanna Troi, Geordi La Forge
tng5x03	Ensign Ro	After an attack on a Federation outpost, the Enterprise crew is sent to locate a Bajoran terrorist, with the help of Ensign Ro Laren.	Les Landau	Rick Berman, Michael Piller	1991-10-07	tng	5	3	Ro Laren	Jean-Luc Picard	Kennelley, William T. Riker, Guinan, Orta
tng5x04	Silicon Avatar	The Enterprise crew, with the help of a scientist whose son lived on Data's home world, attempt to communicate with the Crystalline Entity.	Cliff Bole	Lawrence V. Conley	1991-10-14	tng	5	4		Data, Kila Marr	Jean-Luc Picard, William T. Riker, Renny, Carmen Davila
tng5x05	Disaster	The Enterprise is without power, leaving Troi in command on the bridge, and trapping others in various locations, including Picard in a turbolift with three children.	Gabrielle Beaumont	Ron Jarvis, Philip A. Scorza	1991-10-21	tng	5	5	Deanna Troi, Jean-Luc Picard	Data, William T. Riker	Beverly Crusher, Geordi La Forge, O'Brien, Ro Laren, Keiko, Worf, Marissa Flores, Jay Gordon Grass, Patterson Supra
tng5x06	The Game	Wesley visits the Enterprise, but finds the crew addicted to a mind-altering computer game.	Corey Allen	Susan Sackett, Fred Bronson, Brannon Braga	1991-10-28	tng	5	6	Wesley Crusher, Robin Lefler		Jean-Luc Picard, William T. Riker, Beverly Crusher, Data, Etana Jol
tng5x07	Unification I	When Spock is reported to have defected to the Romulans, Picard and Data must travel to Romulus on a cloaked Klingon vessel to investigate.	Les Landau	Rick Berman, Michael Piller	1991-11-04	tng	5	7	Jean-Luc Picard	Spock, Data	Sarek, William T. Riker, Klim Dokachin, Deanna Troi
tng5x08	Unification II	Spock attempts to unify the Vulcans and Romulans in peace, but falls into a Romulan trap.	Cliff Bole	Rick Berman, Michael Piller	1991-11-11	tng	5	8	Jean-Luc Picard, Spock		Data, Pardek, William T. Riker, Neral, Sela, Omag
tng5x09	A Matter of Time	Berlinghoff Rasmussen, an apparent historian from the 26th century visits the Enterprise, while they help a planet prevent a nuclear winter.	Paul Lynch	Rick Berman	1991-11-18	tng	5	9	Berlinghoff Rasmusen	Jean-Luc Picard	William T. Riker, Data, Geordi La Forge, Hal Moseley
tng5x10	New Ground	Worf tries to be a father to his son, Alexander, while the Enterprise crew helps to test a new soliton wave propulsion technology.	Robert Scheerer	Sara Charno, Stuart Charno	1992-01-06	tng	5	10	Worf, Alexander Rozhenko	Jean-Luc Picard	Deanna Troi, Geordi La Forge, Ja'Dar
tng5x11	Hero Worship	Data saves the life of an orphaned boy, who begins to emulate him.	Patrick Stewart	Hilary J. Bader	1992-01-27	tng	5	11	Data	Timothy	Jean-Luc Picard, Geordi La Forge, Deanna Troi
tng5x12	Violations	An alien traveling aboard the Enterprise telepathically rapes Troi and for good measure invades the minds of Beverly and Riker.	Robert Wiemer	Shari Goodhartz, T. Michael, Pamela Gray	1992-02-03	tng	5	12		Jean-Luc Picard, Deanna Troi, Inad, Tarmin, Jev	William T. Riker, Beverly Crusher, Geordi La Forge, Data
tng5x13	The Masterpiece Society	The Enterprise crew helps a far-flung eugenic human colony avoid destruction, but upsets its delicate balance by ending 200 years of isolation.	Winrich Kolbe	James Kahn, Adam Belanoff	1992-02-10	tng	5	13	Deanna Troi	Jean-Luc Picard, Aaron Conor	Geordi La Forge, Hannah Bates, Martin Benbeck
tng5x14	Conundrum	After the Enterprise crew's memories are suddenly erased, the ship computer indicates that the Federation is at with a technologically less advanced civilization, and they are on a mission to destroy their central command center. 	Les Landau	Paul Schiffer	1992-02-17	tng	5	14		Keiran MacDuff, William T. Riker, Jean-Luc Picard	Ro Laren, Deanna Troi, Worf, Data, Geordi La Forge, Beverly Crusher
tng5x15	Power Play	When Troi, O'Brien, and Data unknowingly beam down to a prison moon, they are possessed by entities who are desperate to take control of the Enterprise and escape from their torments below.	David Livingston	Paul Ruben, Maurice Hurley	1992-02-24	tng	5	15		Jean-Luc Picard, William T. Riker, Deanna Troi, Miles O'Brien, Data	Worf, Keiko O'Brien, Geordi La Forge, Ro Laren, Beverly Crusher
tng5x16	Ethics	When Worf becomes paralyzed in a freak accident, his sense of honor compels him to choose between between euthanasia and a risky medical procedure.	Chip Chalmers	Sara Charno, Stuart Charno	1992-03-02	tng	5	16	Worf, Beverly Crusher	Toby Russell	Jean-Luc Picard, Alexander Rozhenko, William T. Riker, Deanna Troi
tng5x17	The Outcast	Riker falls in love with an androgynous humanoid after rescuing some members of its species who were trapped in a pocket of space.	Robert Scheerer	Jeri Taylor	1992-03-16	tng	5	17	William T. Riker	Soren	Jean-Luc Picard, Noor, Worf
tng5x18	Cause and Effect	The Enterprise becomes stuck in a time loop, just as it is destroyed with all hands, so that the crew are made to repeatedly relive the events leading up to the ship's destruction, however the they do retain some memories of previous instances.	Jonathan Frakes	Brannon Braga	1992-03-23	tng	5	18	Beverly Crusher	Jean-Luc Picard	Geordi La Forge, William T. Riker
tng5x19	The First Duty	Wesley is questioned over a Starfleet Academy flight-training accident that resulted in the death of one of his fellow cadets.	Paul Lynch	Ronald D. Moore, Naren Shankar	1992-03-30	tng	5	19	Wesley Crusher	Jean-Luc Picard, Nicholas Locarno	Beverly Crusher, Geordi La Forge, Data, Boothby, Sito Jaxa, Jean Hajar, Brand, Albert
tng5x20	Cost of Living	Lwaxana arrives aboard the Enterprise to marry a man she has never met. Meanwhile, Worf has difficulty rearing Alexander, which is exacerbated when Lwaxana takes the boy under her wing.	Winrich Kolbe	Peter Allan Fields	1992-04-20	tng	5	20	Alexander Rozhenko	Lwaxana Troi	Deanna Troi, Worf, Jean-Luc Picard, Campio, Geordi La Forge, Data
tng5x21	The Perfect Mate	Picard forces himself to resist the charms of a female empathic metamorph, who is sent to marry an alien leader as a peace offering.	Cliff Bole	René Echevarria, Gary Perconte	1992-04-27	tng	5	21	Jean-Luc Picard, Kamala		William T. Riker, Beverly Crusher, Briam, Par Lenor, Qol, Alrik
tng5x22	Imaginary Friend	A child's imaginary playmate takes on real form and threatens the safety of the Enterprise crew.	Gabrielle Beaumont	Jean Louise Matthias, Ronald Wilkerson, Richard Fliegel	1992-05-04	tng	5	22	Clara Sutter	Deanna Troi, Isabella	Jean-Luc Picard, Geordi La Forge, Data, Daniel Sutter
tng5x23	I Borg	The Enterprise crew rescues a Borg survivor, and Picard plans to use him as a weapon against his nemesis by exposing him to a computer virus.	Robert Lederman	René Echevarria	1992-05-11	tng	5	23	Hugh	Jean-Luc Picard, Geordi La Forge	Beverly Crusher, Guinan
tng5x24	The Next Phase	A transporter accident traps Geordi and Ensign Ro out of phase; while the others plan their funeral they must find a way to reverse the process and save the Enterprise from destruction.	David Carson	Ronald D. Moore	1992-05-18	tng	5	24	Geordi La Forge, Ro Laren		Jean-Luc Picard, Data, William T. Riker, Worf
tng5x25	The Inner Light	A space probe creates a telepathic tether and causes Picard to experience, in the space of twenty-five minutes, a lifetime as a married man on a world that was destroyed a millennium ago.	Peter Lauritson	Morgan Gendel	1992-06-01	tng	5	25	Jean-Luc Picard	Eline	Beverly Crusher, William T. Riker, Data, Batai, Meribor, Batai son of Kamin
tng5x26	Time's Arrow	A 500-year-old artifact is uncovered on Earth: Data's severed head. The Enterprise crew investigates alien involvement in Earth's past and Data fulfills his destiny.	Les Landau	Joe Menosky	1992-06-15	tng	5	26	Data	Jean-Luc Picard	William T. Riker, Geordi La Forge, Deanna Troi, Worf, Guinan, Jack London
tng6x01	Time's Arrow, Part II	The Enterprise crew follow Data to San Francisco of the 1890s. The crew deals with Samuel Clemens (and run into Jack London), while trying to find a way to prevent aliens from interfering with 19th-century Earth.	Les Landau	Joe Menosky	1992-09-21	tng	6	1	Mark Twain	Data, Jean-Luc Picard, Guinan	Beverly Crusher, Deanna Troi, Riker Jack London, Geordi La Forge
tng6x02	Realm of Fear	Lieutenant Barclay must overcome his fear of the transporter to rescue crewmen missing from the USS Yosemite.	Cliff Bole	Brannon Braga	1992-09-28	tng	6	2	Reginald Barclay		Geordi La Forge, Beverly Crusher, Miles O'Brien, Deanna Troi
tng6x03	Man of the People	A psychic ambassador uses Troi as a receptacle for his negative emotions when he mediates peace talks between two warring factions.	Winrich Kolbe	Frank Abatemarco	1992-10-05	tng	6	3	Deanna Troi, Ves Alkar		Jean-Luc Picard, William T. Riker, Beverly Crusher, Sev Maylor
tng6x04	Relics	The Enterprise crew finds a vessel that crashed on a Dyson sphere over seventy-five years ago with a single survivor stored in the transporter buffer: Montgomery Scott.	Alexander Singer	Ronald D. Moore	1992-10-12	tng	6	4	Montgomery Scott	Geordi La Forge	Jean-Luc Picard, William T. Riker, Data
tng6x05	Schisms	Members of the Enterprise crew are abducted in their sleep by extra-dimensional aliens and subjected to strange medical experiments while still unconscious.	Robert Wiemer	Jean Louise Matthias, Ron Wilkerson	1992-10-19	tng	6	5		William T. Riker, Data, Geordi La Forge	Jean-Luc Picard, Deanna Troi, Beverly Crusher, Spot
tng6x06	True Q	Q reveals that a young woman from Kansas who is visiting the Enterprise is in fact one of his own species.	Robert Scheerer	René Echevarria	1992-10-26	tng	6	6	Amanda Rogers	Jean-Luc Picard, Q	Beverly Crusher, William T. Riker, Data
tng6x07	Rascals	A transporter malfunction turns Picard, Keiko, Ro and Guinan into children, who become the ship's only hope when they are left aboard while the adult crew are forced to perform dangerous labor by Ferengi pirates.	Adam Nimoy	Ward Botsford, Diana Dru Botsford, Michael Piller	1992-11-02	tng	6	7	Jean-Luc Picard, Guinan	Ro Laren	William T. Riker, Beverly Crusher, Miles O'Brien, Keiko O'Brien, Deanna Troi, Geordi La Forge, Alexander Rozhenko, Lurin
tng6x08	A Fistful of Datas	Worf, Alexander, and Troi's Wild West adventure on the holodeck takes a serious turn when a computer malfunction ensues after Data's mind is connected to the ship's computer.	Patrick Stewart	Robert Hewitt Wolfe	1992-11-09	tng	6	8	Worf	Alexander Rozhenko, Data	Jean-Luc Picard, Geordi La Forge, Deanna Troi, Eli Hollander, Annie Meyers
tng6x09	The Quality of Life	Data observes self-guided tools used at a mining station display signs of sentience, and fights for their preservation, even risking Picard's life on the ground that it is unacceptable to kill one sentient being to save another.	Jonathan Frakes	L.J. Scott	1992-11-16	tng	6	9	Data	Farallon	Jean-Luc Picard, William T. Riker, Beverly Crusher, Geordi La Forge
tng6x10	Chain of Command, Part I	The hard-nosed Captain Edward Jellico is assigned command of the Enterprise, while Picard is sent on a covert mission into Cardassian territory.	Robert Scheerer	Frank Abatemarco	1992-12-14	tng	6	10		Jean-Luc Picard, Worf, Beverly Crusher, Edward Jellico, William T. Riker	Alynna Nechayev, Deanna Troi, Lemec, Solok, Madred
tng6x11	Chain of Command, Part II	Picard, having been captured on a covert mission into Cardassian territory, is tortured by a sadistic interrogator.	Les Landau	Frank Abatemarco	1992-12-21	tng	6	11	Jean-Luc Picard	Edward Jelllico, Madred	William T. Riker, Geordi La Forge, Deanna Troi
tng6x12	Ship in a Bottle	Barclay accidentally awakens Professor Moriarty on the holodeck, who uses the powers at his disposal to coerce the Enterprise crew into finding a way to allow him to leave the holodeck once and for all.	Alexander Singer	René Echevarria	1993-01-25	tng	6	12	James Moriarty	Jean-Luc Picard, Data	Reginald Barclay, Geordi La Forge, William T. Riker, Regina Bartholomew
tng6x13	Aquiel	Geordi becomes infatuated with an alien Starfleet officer who is suspected of murdering her colleague while stationed at a far-flung communication relay station.	Cliff Bole	Jeri Taylor	1993-02-01	tng	6	13	Geordi La Forge	 Aquiel Uhnari	Jean-Luc Picard, William T. Riker, Beverly Crusher, Morag, Torak, Worf, Shianna
tng6x14	Face of the Enemy	Troi is abducted and compelled to pose as a much feared Romulan intelligence officer in order to assist in the transport of Romulan defectors across the Neutral Zone.	Gabrielle Beaumont	René Echevarria	1993-02-08	tng	6	14	Deanna Troi	Stefan DeSeve, Toreth	Jean-Luc Picard, N'Vek
tng6x15	Tapestry	After Picard dies in the line of duty, he is surprised to be greeted in the afterlife by Q, who presents him with the opportunity to travel back in time to his days as a cadet, where he can reconsider past choices.	Les Landau	Ronald D. Moore	1993-02-15	tng	6	15	Jean-Luc Picard	Q	Cortan Zweller, Marta Batanides, William T. Riker, Deanna Troi
tng6x16	Birthright, Part I	Worf is told on Deep Space Nine that his father is alive, and being held by the Romulans at a secret prison camp. Meanwhile an engineering experiment accidentally results in Data's first dream.	Winrich Kolbe	Brannon Braga	1993-02-22	tng	6	16	Worf, Data		Jaglom Shrek, Julian Bashir, Geordi La Forge, Noonian Soong
tng6x17	Birthright, Part II	When Worf is captured and taken to a Romulan operated Klingon refugee camp, he tries to teach the refugees the ways of the warrior.	Dan Curry	René Echevarria	1993-03-01	tng	6	17	Worf	Ba'el	Tokath, Gi'ral, L'Kor, Jean-Luc Picard, Toq
tng6x18	Starship Mine	Thieves attempt to steal trilithium from the Enterprise during a Baryon sweep at the Remmler Array, and Picard alone must thwart them.	Cliff Bole	Morgan Gendel	1993-03-29	tng	6	18	Jean-Luc Picard	Kelsey	Beverly Crusher, Data, William T. Riker, Geordi La Forge, Deanna Troi, Calvin Hutchinson, Devon, Satler, Pomet, Orton
tng6x19	Lessons	Picard becomes involved with a woman who is serving aboard the Enterprise, but a conflict of duty ensues when he must choose whether to send her on a dangerous mission.	Robert Wiemer	Ron Wilkerson, Jean Louise Matthias	1993-04-05	tng	6	19	Jean-Luc Picard, Nella Daren		Data, William T. Riker, Beverly Crusher
tng6x20	The Chase	Picard tries to solve an ancient genetic mystery uncovered by his archaeological mentor, Richard Galen, but soon finds that the Klingons, Romulans, and Cardassians are already hot on the trail.	Jonathan Frakes	Ronald D. Moore, Joe Menosky	1993-04-26	tng	6	20		Jean-Luc Picard, Richard Galen	William T. Riker, Beverly Crusher, Data, Nu'Daq, Gul Ocett, primordial humanoid
tng6x21	Frame of Mind	Riker finds himself a prisoner in an alien mental institution, which resembles scenes from Beverly's new stage play.	James L. Conway	Brannon Braga	1993-05-03	tng	6	21	William T. Riker	Suna	Jean-Luc Picard, Beverly Crusher, Deanna Troi, Syrus, Mavek, Jaya
tng6x22	Suspicions	Beverly risks her career to solve the murder of Ferengi scientist Dr. Reyga and vindicate his research in a technology that allows spaceships to fly within stellar coronas.	Cliff Bole	Joe Menosky, Naren Shankar	1993-05-10	tng	6	22	Beverly Crusher	Reyga	Guinan, Jean-Luc Picard, Ogawa, Data, T'Pan, Jo'Bril, Kurak
tng6x23	Rightful Heir	Worf experiences a crisis of faith, and travels to a Klingon holy site where the mythic figure Kahless returns to lead the Klingon people.	Winrich Kolbe	James E. Brooks	1993-05-17	tng	6	23	Worf	Kahless (clone)	Koroth, Gowron, Jean-Luc Picard
tng6x24	Second Chances	Riker encounters a duplicate of himself stranded on a planet that was created by a transporter malfunction when he beamed up from the world eight years prior.	LeVar Burton	Michael Medlock	1993-05-24	tng	6	24	William T. Riker, Thomas Riker	Deanna Troi	Data, Jean-Luc Picard, Beverly Crusher, Worf
tng6x25	Timescape	After attending an academic conference, Picard, Data, Troi, and Geordi rendezvous with the Enterprise only to find the vessel frozen in time and apparently on the brink of destruction by a Romulan ship.	Adam Nimoy	Brannon Braga	1993-06-14	tng	6	25		Jean-Luc Picard, Geordi La Forge, Deanna Troi, Data	William T. Riker
tng6x26	Descent	The Enterprise crew encounter a group of Borg acting individually, and Data briefly experiences emotions. Professor Stephen Hawking makes a guest appearance playing poker on the holodeck with Data.	Alexander Singer	Jeri Taylor	1993-06-21	tng	6	26	Data	Jean-Luc Picard	Alynna Nechayev, Deanna Troi, William T. Riker, Worf, Geordi La Forge, Beverly Crusher, Albert Einstein (hologram), Isaac Newton (hologram), Stephen Hawking (hologram)
tng7x01	Descent, Part II	The Enterprise crew must stop Lore, who leads a ragtag band of Borg drones on a mission to kill all humanoids; even Data falls under his control by being fed negative emotions.	Alexander Singer	René Echevarria	1993-09-20	tng	7	1	Data	Jean-Luc Picard, Lore, Beverly Crusher, Geordi La Forge	Deanna Troi, William T. Riker, Hugh, Worf, Taitt, Barnaby
tng7x02	Liaisons	Worf and Troi reluctantly play host to a pair of alien dignitaries aboard the Enterprise. Meanwhile Picard, who is traveling with a third dignitary in a shuttlecraft, crash-lands on an inhospitable planet where he is rescued by what appears to be a very lonely human female.	Cliff Bole	Roger Eschbacher, Jaq Greenspon	1993-09-27	tng	7	2	Jean-Luc Picard	Worf, Deanna Troi, Voval, Byleth, Loquel	William T. Riker
tng7x03	Interface	Geordi is astonished to find what he believes to be his mother in a wrecked ship deep inside a gas giant.	Robert Wiemer	Joe Menosky	1993-10-04	tng	7	3	Geordi La Forge	Data	Beverly Crusher, Jean-Luc Picard, William T. Riker, Silvia La Forge
tng7x04	Gambit, Part I	The Enterprise crew investigate the apparent murder of Picard during an archaeological adventure. Riker is kidnapped by mercenaries and to his great surprise finds Picard working as part of their crew.	Peter Lauritson	Christopher Hatton, Naren Shankar	1993-10-11	tng	7	4	Jean-Luc Picard	William T. Riker, Arctus Baran	Deanna Troi, Worf, Data, Yranac, Tallera, Vekor, Narik
tng7x05	Gambit, Part II	Picard and Riker help mercenaries collect archaeological artifacts to prevent an ancient Vulcan weapon falling into the wrong hands.	Alexander Singer	Naren Shankar	1993-10-18	tng	7	5	Jean-Luc Picard	William T. Riker, Tallera, Arctus Baran	Vekor, Narik, Koral, Data, Worf, Beverly Crusher
tng7x06	Phantasms	Data experiences surreal nightmares when interphasic parasites contaminating the warp core cause his dream program to malfunction.	Patrick Stewart	Brannon Braga	1993-10-25	tng	7	6	Data		Deanna Troi, Jean-Luc Picard, Beverly Crusher, William T. Riker, Geordi La Forge, Sigmund Freud (hologram), Spot
tng7x07	Dark Page	When Lwaxana Troi's efforts to teach spoken language to a group of telepathic aliens leads to a psychic breakdown that ultimately puts her in a coma, Troi must work to save her life.	Les Landau	Hilary J. Bader	1993-11-01	tng	7	7	Lwaxana Troi	Deanna Troi, Maques	Hedril, Beverly Crusher, Jean-Luc Picard, Kestra, Ian Andrew Troi
tng7x08	Attached	Reclusive aliens imprison Picard and Beverly on charges of espionage, and experimental implants linking their minds telepathically cause them to face their latent feelings for each other.	Jonathan Frakes	Nicholas Sagan	1993-11-08	tng	7	8	Jean-Luc Picard, Beverly Crusher		William T. Riker, Deanna Troi, Mauric
tng7x09	Force of Nature	When the Enterprise crew search for a missing ship in the Hekaras Corridor, a pair of activist scientists show that warp drives are harming the fabric of space.	Robert Lederman	Naren Shankar	1993-11-15	tng	7	9		Geordi La Forge, Data, Rabal, Serova	Prak, William T. Riker, Jean-Luc Picard, Spot
tng7x10	Inheritance	Data encounters a woman claiming to be his mother, but the widow of Dr. Noonian Soong is more closely related to Data than even she realizes.	Robert Scheerer	Dan Koeppel	1993-11-22	tng	7	10	Data	Juliana Tainer	Jean-Luc Picard, Geordi La Forge, Pran Tainer, Noonian Soong
tng7x11	Parallels	After returning from a bat'leth tournament, Worf finds himself shifting from one alternate reality to another, each one more removed from his true reality than the last.	Robert Wiemer	Brannon Braga	1993-11-29	tng	7	11	Worf		Deanna Troi, Beverly Crusher, Geordi La Forge, William T. Riker, Jean-Luc Picard, Data
tng7x12	The Pegasus	Riker's former Captain boards the Enterprise to retrieve the USS Pegasus, while Picard investigates the circumstances of its loss and finds that there has been a cover-up.	LeVar Burton	Ronald D. Moore	1994-01-10	tng	7	12	William T. Riker	Jean-Luc Picard, Erik Pressman	Sirol
tng7x13	Homeward	Worf's human foster brother violates the Prime Directive to save a doomed primitive race.	Alexander Singer	Spike Steingasser	1994-01-17	tng	7	13	Nikolai Rozhenko	Worf	Jean-Luc Picard, Data, Beverly Crusher, Geordi La Forge, Vorin, Dobara
tng7x14	Sub Rosa	After Beverly attends her grandmother's funeral a ghost-like entity that has inhabited women in her family for generations sets its sights on her.	Jonathan Frakes	Jeri Taylor	1994-01-31	tng	7	14	Beverly Crusher	Ronin	Ned Quint, Jean-Luc Picard, Deanna Troi, Maturin, Geordi La Forge, Data
tng7x15	Lower Decks	Junior officers buck for promotion as one of them is assigned the dangerous task of helping a Cardassian spy.	Gabrielle Beaumont	Ron Wilkerson, Jean Louise Matthias	1994-02-07	tng	7	15		William T. Riker, Sito Jaxa, Sam Lavelle	Deanna Troi, Jean-Luc Picard, Alyssa Ogawa, Taurik, Ben, Worf, Joret Dal
tng7x16	Thine Own Self	Data loses his memory after retrieving radioactive fragments on a planet's surface and endangers the medieval humanoid settlement he encounters, while Troi studies to become a bridge officer.	Winrich Kolbe	Christopher Hatton	1994-02-14	tng	7	16	Data	Deanna Troi	William T. Riker, Gia, Garvin, Talur, Skoran
tng7x17	Masks	The Enterprise crew finds an ancient library that recreates its civilization by taking possession of Data and transforming the ship.	Robert Wiemer	Joe Menosky	1994-02-21	tng	7	17		Data, Jean-Luc Picard	Beverly Crusher, Worf, Deanna Troi, Geordi La Forge, William T. Riker
tng7x18	Eye of the Beholder	Troi investigates the suicide of a crewman and uncovers a murder that took place during construction of the Enterprise.	Cliff Bole	Brannon Braga	1994-02-28	tng	7	18	Deanna Troi	Worf	Jean-Luc Picard, William T. Riker, Daniel Kwon, Maddy Calloway, Walter Pierce, Nara, Marla Finn
tng7x19	Genesis	A routine medical treatment inadvertently creates a virus that begins to de-evolve the Enterprise crew while Picard and Data are on an away mission.	Gates McFadden	Brannon Braga	1994-03-21	tng	7	19		Jean-Luc Picard, Data	Beverly Crusher, Worf, Deanna Troi, William T. Riker, Alyssa Ogawa, Reginald Barclay
tng7x20	Journey's End	Wesley considers his future, as the Enterprise is ordered to remove Native American colonists from a planet that is about to fall under Cardassian jurisdiction.	Corey Allen	Shawn Piller, Antonia Napoli	1994-03-28	tng	7	20	Wesley Crusher, Jean-Luc Picard	Anthwara, The Traveler 	Evek, Alynna Nechayev, Beverly Crusher, Geordi La Forge, Worf
tng7x21	Firstborn	Worf and a mysterious family friend attempt to convince Alexander to embrace his warrior heritage.	Jonathan West	Mark Kalbfeld	1994-04-25	tng	7	21	Alexander Rozhenko	Worf	William T. Riker, Deanna Troi, Lursa, B'Etor
tng7x22	Bloodlines	Daimon Bok returns to exact revenge on Picard, by trying to kill the son Picard never knew he had.	Les Landau	Nicholas Sagan	1994-05-02	tng	7	22	Jean-Luc Picard	Bok, Jason Vigo	Beverly Crusher, Data, Geordi La Forge, Miranda Vigo, Birta
tng7x23	Emergence	The Enterprise becomes an emergent intelligence.	Cliff Bole	Brannon Braga	1994-05-09	tng	7	23		Jean-Luc Picard, Data	Beverly Crusher, William T. Riker, Worf, Geordi La Forge, Deanna Troi, train conductor
tng7x24	Preemptive Strike	Lieutenant Ro graduates from advanced tactical training, and is sent by Picard to lure Maquis terrorists into a trap.	Patrick Stewart	Naren Shankar	1994-05-16	tng	7	24	Ro Laren	Jean-Luc Picard, Macius	Data, Santos, Kalita
tng7x25	All Good Things...	Picard finds himself being transported between three time periods thanks to Q, with a spacetime distortion that threatens to destroy reality growing larger in the past, and smaller in the future.	Winrich Kolbe	Ronald D. Moore, Brannon Braga	1994-05-23	tng	7	25	Jean-Luc Picard	Q	William T. Riker, Beverly Crusher, Worf, Deanna Troi, Geordi La Forge, Data, Natasha Yar, Miles O'Brien
tng7x26	All Good Things...	Picard finds himself being transported between three time periods thanks to Q, with a spacetime distortion that threatens to destroy reality growing larger in the past, and smaller in the future.	Winrich Kolbe	Ronald D. Moore, Brannon Braga	1994-05-23	tng	7	26			
